id_defeito,id_produto,tipo_defeito,local_defeito,gravidade,metodo_inspecao,custo_reparo,data_defeito_br,ano_mes
1,15,Estrutural,Componente,Menor,Inspeção Visual,245.47,06/06/2024,2024-06
2,6,Funcional,Componente,Menor,Inspeção Visual,26.87,26/04/2024,2024-04
3,84,Estrutural,Interno,Menor,Teste Automatizado,835.81,15/02/2024,2024-02
4,10,Funcional,Interno,Crítico,Teste Automatizado,444.47,28/03/2024,2024-03
5,14,Estético,Componente,Menor,Teste Manual,823.64,26/04/2024,2024-04
6,17,Funcional,Interno,Moderado,Inspeção Visual,788.11,11/05/2024,2024-05
7,85,Estético,Interno,Crítico,Teste Manual,33.68,23/05/2024,2024-05
8,90,Estrutural,Interno,Moderado,Teste Manual,65.56,15/01/2024,2024-01
9,30,Estrutural,Componente,Crítico,Teste Manual,848.61,26/01/2024,2024-01
10,20,Estrutural,Componente,Crítico,Inspeção Visual,478.48,05/06/2024,2024-06
11,45,Estrutural,Superfície,Moderado,Teste Automatizado,217.96,28/04/2024,2024-04
12,86,Estrutural,Componente,Menor,Teste Manual,485.02,25/02/2024,2024-02
13,87,Estético,Componente,Menor,Inspeção Visual,714.63,20/06/2024,2024-06
14,72,Estético,Superfície,Crítico,Teste Manual,603.94,08/05/2024,2024-05
15,74,Estético,Componente,Crítico,Teste Manual,189.55,03/05/2024,2024-05
16,10,Funcional,Componente,Menor,Teste Automatizado,458.79,20/01/2024,2024-01
17,53,Estrutural,Interno,Menor,Inspeção Visual,509.35,14/05/2024,2024-05
18,63,Estético,Componente,Crítico,Inspeção Visual,538.99,21/05/2024,2024-05
19,28,Funcional,Interno,Crítico,Teste Manual,34.93,15/02/2024,2024-02
20,81,Estrutural,Interno,Moderado,Teste Manual,557.11,25/05/2024,2024-05
21,67,Funcional,Superfície,Menor,Inspeção Visual,831.43,03/05/2024,2024-05
22,6,Estrutural,Superfície,Menor,Inspeção Visual,504.9,06/03/2024,2024-03
23,33,Estrutural,Superfície,Moderado,Teste Automatizado,349.23,06/05/2024,2024-05
24,15,Estrutural,Componente,Crítico,Inspeção Visual,560.39,23/02/2024,2024-02
25,13,Estético,Superfície,Moderado,Teste Manual,629.71,19/02/2024,2024-02
26,39,Estrutural,Componente,Moderado,Inspeção Visual,975.44,15/06/2024,2024-06
27,60,Estético,Componente,Moderado,Teste Manual,737.54,08/05/2024,2024-05
28,42,Estrutural,Componente,Crítico,Teste Manual,592.87,02/01/2024,2024-01
29,3,Estrutural,Componente,Moderado,Teste Automatizado,99.82,13/01/2024,2024-01
30,17,Funcional,Superfície,Crítico,Inspeção Visual,106.34,22/01/2024,2024-01
31,30,Estrutural,Superfície,Crítico,Teste Automatizado,352.58,30/04/2024,2024-04
32,25,Estrutural,Superfície,Moderado,Inspeção Visual,734.12,29/03/2024,2024-03
33,14,Estético,Interno,Menor,Inspeção Visual,953.54,15/05/2024,2024-05
34,58,Estrutural,Superfície,Crítico,Teste Manual,753.89,19/06/2024,2024-06
35,48,Funcional,Componente,Crítico,Teste Automatizado,955.91,04/04/2024,2024-04
36,20,Estrutural,Superfície,Crítico,Teste Automatizado,776.91,04/06/2024,2024-06
37,68,Estético,Interno,Crítico,Teste Manual,607.96,20/01/2024,2024-01
38,51,Funcional,Interno,Moderado,Teste Automatizado,107.7,08/06/2024,2024-06
39,12,Funcional,Interno,Crítico,Teste Manual,27.24,25/06/2024,2024-06
40,92,Estético,Superfície,Crítico,Inspeção Visual,370.83,06/01/2024,2024-01
41,63,Funcional,Componente,Menor,Teste Manual,526.08,11/03/2024,2024-03
42,49,Funcional,Superfície,Crítico,Teste Automatizado,144.38,18/05/2024,2024-05
43,72,Estético,Superfície,Moderado,Inspeção Visual,534.33,23/03/2024,2024-03
44,24,Estrutural,Superfície,Menor,Inspeção Visual,456.8,18/05/2024,2024-05
45,64,Funcional,Superfície,Menor,Teste Automatizado,215.01,27/05/2024,2024-05
46,36,Estrutural,Superfície,Moderado,Teste Manual,824.3,24/04/2024,2024-04
47,79,Estrutural,Componente,Crítico,Teste Manual,769.28,14/02/2024,2024-02
48,36,Estrutural,Componente,Moderado,Teste Manual,160.25,03/01/2024,2024-01
49,65,Funcional,Componente,Menor,Teste Automatizado,386.17,24/02/2024,2024-02
50,9,Funcional,Componente,Moderado,Teste Manual,572.08,06/01/2024,2024-01
51,10,Estrutural,Interno,Menor,Inspeção Visual,433.85,26/06/2024,2024-06
52,7,Estrutural,Superfície,Menor,Teste Manual,338.1,19/05/2024,2024-05
53,81,Funcional,Superfície,Crítico,Teste Automatizado,93.13,03/01/2024,2024-01
54,62,Estético,Componente,Moderado,Inspeção Visual,308.37,14/05/2024,2024-05
55,29,Estrutural,Interno,Crítico,Teste Automatizado,396.58,23/03/2024,2024-03
56,73,Estrutural,Superfície,Menor,Teste Automatizado,957.6,19/01/2024,2024-01
57,86,Estrutural,Interno,Moderado,Teste Automatizado,205.19,06/03/2024,2024-03
58,5,Estético,Componente,Crítico,Teste Manual,300.27,25/05/2024,2024-05
59,79,Estrutural,Interno,Crítico,Teste Automatizado,671.22,10/03/2024,2024-03
60,87,Funcional,Superfície,Menor,Inspeção Visual,395.1,18/02/2024,2024-02
61,60,Estrutural,Componente,Crítico,Inspeção Visual,675.89,11/06/2024,2024-06
62,43,Estético,Componente,Moderado,Inspeção Visual,523.02,08/03/2024,2024-03
63,52,Estrutural,Superfície,Crítico,Teste Manual,337.5,02/01/2024,2024-01
64,2,Estético,Superfície,Menor,Teste Automatizado,830.89,11/01/2024,2024-01
65,22,Funcional,Componente,Crítico,Inspeção Visual,84.97,16/04/2024,2024-04
66,31,Funcional,Interno,Menor,Inspeção Visual,771.96,24/05/2024,2024-05
67,87,Funcional,Interno,Menor,Teste Automatizado,46.43,15/03/2024,2024-03
68,11,Estético,Interno,Menor,Teste Automatizado,31.91,16/04/2024,2024-04
69,33,Estético,Componente,Moderado,Teste Automatizado,845.8,19/05/2024,2024-05
70,17,Funcional,Componente,Menor,Teste Manual,729.55,19/02/2024,2024-02
71,71,Estético,Superfície,Moderado,Teste Automatizado,187.03,05/03/2024,2024-03
72,35,Estrutural,Componente,Moderado,Teste Automatizado,470.35,29/06/2024,2024-06
73,15,Funcional,Interno,Menor,Inspeção Visual,662.35,20/05/2024,2024-05
74,43,Funcional,Componente,Crítico,Inspeção Visual,509.97,04/04/2024,2024-04
75,2,Funcional,Componente,Crítico,Teste Manual,352.33,03/01/2024,2024-01
76,36,Funcional,Superfície,Menor,Teste Manual,228.22,27/03/2024,2024-03
77,64,Funcional,Componente,Crítico,Teste Manual,632.45,06/02/2024,2024-02
78,28,Funcional,Componente,Crítico,Teste Automatizado,975.87,20/06/2024,2024-06
79,69,Estrutural,Interno,Moderado,Inspeção Visual,967.14,23/03/2024,2024-03
80,75,Estrutural,Superfície,Moderado,Teste Automatizado,992.69,11/01/2024,2024-01
81,69,Funcional,Superfície,Menor,Teste Manual,827.74,14/03/2024,2024-03
82,74,Estrutural,Componente,Crítico,Teste Automatizado,270.97,02/04/2024,2024-04
83,69,Estrutural,Superfície,Crítico,Inspeção Visual,712.98,11/04/2024,2024-04
84,11,Estrutural,Componente,Crítico,Teste Manual,556.05,24/06/2024,2024-06
85,92,Estrutural,Componente,Menor,Teste Manual,200.11,27/04/2024,2024-04
86,70,Estrutural,Componente,Moderado,Teste Automatizado,660.05,14/01/2024,2024-01
87,22,Estrutural,Componente,Moderado,Teste Manual,220.96,21/01/2024,2024-01
88,9,Funcional,Componente,Crítico,Inspeção Visual,776.54,09/02/2024,2024-02
89,6,Funcional,Superfície,Moderado,Inspeção Visual,920.26,01/05/2024,2024-05
90,58,Estrutural,Interno,Moderado,Inspeção Visual,492.22,17/02/2024,2024-02
91,98,Estético,Superfície,Crítico,Teste Manual,513.45,07/03/2024,2024-03
92,93,Funcional,Componente,Moderado,Teste Automatizado,286.28,30/06/2024,2024-06
93,10,Funcional,Superfície,Menor,Teste Automatizado,698.89,01/04/2024,2024-04
94,72,Estético,Interno,Crítico,Inspeção Visual,555.25,02/02/2024,2024-02
95,36,Estético,Componente,Moderado,Teste Manual,465.92,16/05/2024,2024-05
96,11,Estrutural,Componente,Crítico,Teste Manual,732.13,08/03/2024,2024-03
97,56,Estrutural,Componente,Moderado,Teste Automatizado,582.46,15/03/2024,2024-03
98,67,Estético,Componente,Moderado,Inspeção Visual,647.7,10/03/2024,2024-03
99,67,Estrutural,Componente,Crítico,Inspeção Visual,536.57,08/04/2024,2024-04
100,8,Funcional,Superfície,Menor,Inspeção Visual,673.85,24/04/2024,2024-04
101,27,Estrutural,Interno,Menor,Teste Manual,871.1,25/01/2024,2024-01
102,79,Estrutural,Interno,Crítico,Inspeção Visual,973.66,25/06/2024,2024-06
103,87,Funcional,Interno,Crítico,Inspeção Visual,787.42,31/05/2024,2024-05
104,1,Estrutural,Superfície,Menor,Teste Manual,338.48,25/06/2024,2024-06
105,49,Estrutural,Componente,Crítico,Inspeção Visual,922.07,30/04/2024,2024-04
106,9,Funcional,Superfície,Moderado,Teste Manual,137.41,14/05/2024,2024-05
107,63,Estrutural,Superfície,Crítico,Teste Automatizado,17.89,28/06/2024,2024-06
108,97,Estético,Superfície,Moderado,Teste Manual,210.3,26/01/2024,2024-01
109,1,Estético,Componente,Crítico,Teste Automatizado,978.5,22/02/2024,2024-02
110,44,Funcional,Superfície,Menor,Inspeção Visual,381.15,05/03/2024,2024-03
111,27,Estrutural,Componente,Moderado,Teste Manual,302.42,06/05/2024,2024-05
112,9,Estético,Componente,Menor,Teste Automatizado,813.46,12/01/2024,2024-01
113,67,Estético,Superfície,Menor,Teste Automatizado,998.27,08/04/2024,2024-04
114,83,Funcional,Componente,Crítico,Teste Manual,498.47,25/01/2024,2024-01
115,66,Funcional,Interno,Moderado,Inspeção Visual,362.23,30/04/2024,2024-04
116,36,Estético,Interno,Crítico,Inspeção Visual,194.79,09/01/2024,2024-01
117,64,Estético,Superfície,Moderado,Inspeção Visual,677.65,11/01/2024,2024-01
118,66,Estrutural,Superfície,Crítico,Teste Manual,310.8,10/04/2024,2024-04
119,99,Estrutural,Superfície,Menor,Inspeção Visual,717.21,05/03/2024,2024-03
120,80,Funcional,Componente,Crítico,Teste Manual,641.58,08/03/2024,2024-03
121,86,Estrutural,Interno,Menor,Teste Manual,520.84,09/06/2024,2024-06
122,51,Estrutural,Superfície,Crítico,Teste Manual,271.18,16/04/2024,2024-04
123,79,Estético,Interno,Menor,Teste Manual,657.81,04/02/2024,2024-02
124,100,Funcional,Interno,Moderado,Teste Manual,620.66,27/03/2024,2024-03
125,86,Estético,Superfície,Crítico,Inspeção Visual,533.03,10/03/2024,2024-03
126,29,Estrutural,Superfície,Menor,Inspeção Visual,21.77,01/02/2024,2024-02
127,68,Estético,Superfície,Menor,Teste Manual,302.22,19/05/2024,2024-05
128,92,Estético,Interno,Moderado,Teste Automatizado,895.38,02/03/2024,2024-03
129,14,Estético,Superfície,Crítico,Inspeção Visual,241.61,20/06/2024,2024-06
130,72,Estético,Interno,Crítico,Teste Automatizado,878.46,06/04/2024,2024-04
131,61,Funcional,Interno,Crítico,Inspeção Visual,268.08,15/05/2024,2024-05
132,63,Estrutural,Superfície,Crítico,Inspeção Visual,492.32,23/04/2024,2024-04
133,86,Estrutural,Superfície,Moderado,Teste Manual,379.78,20/03/2024,2024-03
134,98,Estético,Superfície,Moderado,Inspeção Visual,498.71,03/02/2024,2024-02
135,61,Estético,Interno,Moderado,Teste Automatizado,379.01,15/02/2024,2024-02
136,67,Funcional,Interno,Menor,Teste Automatizado,79.52,21/02/2024,2024-02
137,2,Funcional,Interno,Crítico,Teste Automatizado,602.25,19/04/2024,2024-04
138,11,Estrutural,Componente,Crítico,Teste Automatizado,575.71,05/03/2024,2024-03
139,58,Estético,Superfície,Crítico,Inspeção Visual,760.33,24/06/2024,2024-06
140,68,Funcional,Interno,Crítico,Teste Manual,955.54,04/04/2024,2024-04
141,28,Estético,Interno,Menor,Inspeção Visual,679.88,06/01/2024,2024-01
142,63,Estrutural,Interno,Crítico,Inspeção Visual,71.91,25/03/2024,2024-03
143,100,Funcional,Interno,Moderado,Teste Manual,916.79,27/05/2024,2024-05
144,45,Estético,Interno,Moderado,Teste Manual,558.34,18/06/2024,2024-06
145,25,Estrutural,Interno,Menor,Teste Manual,23.02,16/01/2024,2024-01
146,43,Estético,Interno,Menor,Inspeção Visual,346.23,26/04/2024,2024-04
147,45,Estrutural,Interno,Crítico,Teste Automatizado,926.31,05/04/2024,2024-04
148,84,Estético,Interno,Crítico,Teste Automatizado,783.88,29/01/2024,2024-01
149,41,Estético,Superfície,Moderado,Teste Automatizado,747.18,25/01/2024,2024-01
150,53,Funcional,Superfície,Crítico,Teste Manual,415.84,22/03/2024,2024-03
151,61,Estrutural,Componente,Menor,Inspeção Visual,502.15,07/06/2024,2024-06
152,97,Estrutural,Interno,Moderado,Teste Manual,94.7,27/01/2024,2024-01
153,63,Estético,Superfície,Menor,Teste Manual,426.04,09/01/2024,2024-01
154,75,Estético,Superfície,Moderado,Teste Automatizado,380.52,03/05/2024,2024-05
155,10,Estrutural,Componente,Menor,Inspeção Visual,935.64,24/01/2024,2024-01
156,56,Funcional,Interno,Menor,Teste Manual,595.9,21/05/2024,2024-05
157,96,Funcional,Superfície,Menor,Teste Manual,788.22,07/05/2024,2024-05
158,96,Funcional,Superfície,Crítico,Inspeção Visual,465.74,16/01/2024,2024-01
159,77,Estrutural,Interno,Moderado,Teste Automatizado,661.8,19/05/2024,2024-05
160,91,Estrutural,Superfície,Moderado,Teste Manual,532.77,17/05/2024,2024-05
161,56,Estético,Componente,Menor,Inspeção Visual,612.03,21/05/2024,2024-05
162,56,Funcional,Componente,Moderado,Teste Manual,614.11,09/02/2024,2024-02
163,12,Estético,Superfície,Menor,Teste Manual,238.39,30/01/2024,2024-01
164,6,Estrutural,Interno,Menor,Inspeção Visual,986.51,20/04/2024,2024-04
165,30,Estético,Componente,Crítico,Teste Automatizado,796.76,06/05/2024,2024-05
166,34,Funcional,Componente,Menor,Inspeção Visual,105.27,15/02/2024,2024-02
167,99,Estético,Superfície,Moderado,Teste Automatizado,950.97,27/01/2024,2024-01
168,14,Estrutural,Superfície,Crítico,Inspeção Visual,517.41,29/06/2024,2024-06
169,70,Estético,Superfície,Crítico,Teste Manual,789.62,03/06/2024,2024-06
170,4,Funcional,Interno,Moderado,Inspeção Visual,942.03,16/05/2024,2024-05
171,74,Estético,Superfície,Moderado,Teste Manual,352.05,26/04/2024,2024-04
172,25,Estético,Componente,Crítico,Teste Automatizado,10.22,02/01/2024,2024-01
173,74,Estético,Componente,Moderado,Teste Automatizado,932.23,29/03/2024,2024-03
174,51,Funcional,Superfície,Crítico,Teste Automatizado,715.22,29/05/2024,2024-05
175,6,Estrutural,Interno,Moderado,Teste Manual,999.64,19/02/2024,2024-02
176,13,Estrutural,Superfície,Crítico,Teste Manual,952.49,09/03/2024,2024-03
177,34,Estrutural,Interno,Menor,Teste Manual,174.76,21/01/2024,2024-01
178,51,Funcional,Interno,Menor,Inspeção Visual,755.15,17/01/2024,2024-01
179,44,Estrutural,Superfície,Moderado,Teste Automatizado,532.6,23/04/2024,2024-04
180,64,Estrutural,Componente,Menor,Teste Manual,854.25,07/01/2024,2024-01
181,91,Funcional,Interno,Menor,Teste Automatizado,383.83,29/02/2024,2024-02
182,80,Funcional,Interno,Moderado,Teste Manual,80.0,27/01/2024,2024-01
183,8,Estrutural,Componente,Crítico,Inspeção Visual,970.31,02/02/2024,2024-02
184,14,Funcional,Interno,Moderado,Inspeção Visual,517.63,09/02/2024,2024-02
185,64,Estrutural,Superfície,Moderado,Teste Automatizado,81.33,15/01/2024,2024-01
186,21,Estrutural,Componente,Crítico,Teste Manual,540.92,29/03/2024,2024-03
187,13,Estético,Interno,Crítico,Inspeção Visual,280.77,27/04/2024,2024-04
188,56,Estrutural,Interno,Moderado,Teste Automatizado,87.28,02/06/2024,2024-06
189,95,Estético,Superfície,Menor,Teste Manual,306.56,23/02/2024,2024-02
190,4,Funcional,Superfície,Crítico,Teste Automatizado,86.46,22/06/2024,2024-06
191,80,Estético,Superfície,Crítico,Teste Manual,13.03,12/01/2024,2024-01
192,95,Funcional,Componente,Crítico,Inspeção Visual,525.07,21/03/2024,2024-03
193,28,Estético,Componente,Crítico,Teste Manual,219.71,21/05/2024,2024-05
194,1,Estrutural,Componente,Crítico,Inspeção Visual,192.21,03/03/2024,2024-03
195,17,Estrutural,Componente,Moderado,Teste Automatizado,924.13,18/02/2024,2024-02
196,18,Estrutural,Componente,Menor,Teste Manual,65.23,21/06/2024,2024-06
197,76,Estético,Interno,Moderado,Teste Automatizado,481.7,28/05/2024,2024-05
198,28,Estético,Superfície,Menor,Teste Manual,561.27,14/04/2024,2024-04
199,75,Estrutural,Interno,Moderado,Inspeção Visual,169.54,30/01/2024,2024-01
200,78,Estético,Superfície,Moderado,Inspeção Visual,629.38,04/04/2024,2024-04
201,8,Estético,Superfície,Crítico,Teste Automatizado,783.36,04/01/2024,2024-01
202,97,Estrutural,Superfície,Moderado,Teste Automatizado,102.88,25/05/2024,2024-05
203,22,Estrutural,Componente,Menor,Teste Manual,269.04,05/04/2024,2024-04
204,82,Funcional,Superfície,Moderado,Inspeção Visual,257.33,20/01/2024,2024-01
205,17,Estrutural,Componente,Crítico,Teste Automatizado,824.37,28/05/2024,2024-05
206,59,Funcional,Superfície,Menor,Teste Manual,303.59,29/05/2024,2024-05
207,69,Funcional,Interno,Crítico,Teste Automatizado,793.3,22/04/2024,2024-04
208,22,Funcional,Superfície,Crítico,Teste Manual,929.05,31/01/2024,2024-01
209,76,Funcional,Interno,Moderado,Teste Manual,473.36,20/05/2024,2024-05
210,59,Funcional,Superfície,Menor,Teste Automatizado,478.17,25/01/2024,2024-01
211,61,Estrutural,Componente,Crítico,Teste Manual,430.49,12/03/2024,2024-03
212,69,Funcional,Superfície,Moderado,Teste Automatizado,460.93,07/05/2024,2024-05
213,75,Estético,Interno,Moderado,Inspeção Visual,917.3,30/01/2024,2024-01
214,42,Estrutural,Superfície,Menor,Teste Manual,520.21,02/01/2024,2024-01
215,38,Funcional,Interno,Crítico,Teste Manual,575.58,07/01/2024,2024-01
216,5,Estrutural,Interno,Moderado,Inspeção Visual,296.41,13/01/2024,2024-01
217,10,Estético,Superfície,Crítico,Teste Automatizado,622.98,28/05/2024,2024-05
218,21,Funcional,Interno,Crítico,Inspeção Visual,484.08,10/05/2024,2024-05
219,92,Estético,Componente,Crítico,Teste Manual,479.31,26/04/2024,2024-04
220,29,Funcional,Superfície,Menor,Teste Manual,624.22,05/04/2024,2024-04
221,49,Funcional,Componente,Crítico,Teste Manual,777.18,11/06/2024,2024-06
222,28,Funcional,Componente,Crítico,Teste Automatizado,842.93,12/02/2024,2024-02
223,87,Estético,Superfície,Crítico,Teste Manual,974.99,26/01/2024,2024-01
224,51,Funcional,Componente,Crítico,Teste Manual,989.81,24/04/2024,2024-04
225,64,Estrutural,Componente,Moderado,Inspeção Visual,484.04,23/04/2024,2024-04
226,77,Estético,Interno,Menor,Teste Automatizado,38.39,04/06/2024,2024-06
227,23,Funcional,Superfície,Menor,Inspeção Visual,334.53,23/06/2024,2024-06
228,89,Funcional,Componente,Moderado,Teste Manual,580.74,04/02/2024,2024-02
229,30,Funcional,Superfície,Crítico,Teste Manual,638.28,24/03/2024,2024-03
230,88,Estrutural,Componente,Menor,Teste Manual,727.86,28/01/2024,2024-01
231,47,Estrutural,Interno,Moderado,Teste Manual,117.74,11/03/2024,2024-03
232,74,Funcional,Componente,Crítico,Teste Automatizado,891.94,25/05/2024,2024-05
233,53,Estrutural,Superfície,Menor,Inspeção Visual,440.58,17/03/2024,2024-03
234,39,Estrutural,Interno,Menor,Teste Automatizado,310.96,17/02/2024,2024-02
235,4,Estético,Interno,Crítico,Teste Manual,430.74,28/01/2024,2024-01
236,29,Estético,Superfície,Menor,Teste Automatizado,47.99,05/05/2024,2024-05
237,31,Estético,Componente,Moderado,Inspeção Visual,728.13,30/06/2024,2024-06
238,75,Estrutural,Componente,Crítico,Inspeção Visual,890.35,06/02/2024,2024-02
239,88,Funcional,Superfície,Menor,Teste Manual,356.55,12/03/2024,2024-03
240,14,Estrutural,Interno,Moderado,Inspeção Visual,271.51,04/05/2024,2024-05
241,80,Estrutural,Superfície,Menor,Teste Manual,288.31,19/03/2024,2024-03
242,13,Funcional,Componente,Crítico,Teste Automatizado,663.49,08/02/2024,2024-02
243,5,Funcional,Interno,Moderado,Teste Manual,711.77,18/06/2024,2024-06
244,67,Estrutural,Superfície,Moderado,Inspeção Visual,822.12,04/06/2024,2024-06
245,35,Estético,Componente,Crítico,Inspeção Visual,889.52,27/05/2024,2024-05
246,81,Estrutural,Superfície,Menor,Teste Automatizado,471.55,30/03/2024,2024-03
247,24,Estético,Interno,Crítico,Teste Automatizado,136.69,22/04/2024,2024-04
248,65,Estrutural,Componente,Menor,Teste Automatizado,148.61,27/03/2024,2024-03
249,13,Estrutural,Superfície,Moderado,Teste Manual,768.39,16/05/2024,2024-05
250,65,Estético,Componente,Moderado,Teste Manual,545.52,07/06/2024,2024-06
251,33,Estrutural,Componente,Moderado,Teste Automatizado,978.58,29/01/2024,2024-01
252,92,Estético,Interno,Crítico,Inspeção Visual,62.59,16/05/2024,2024-05
253,25,Funcional,Componente,Menor,Teste Automatizado,146.53,01/05/2024,2024-05
254,33,Funcional,Superfície,Menor,Teste Automatizado,168.3,02/05/2024,2024-05
255,63,Estético,Interno,Crítico,Teste Manual,225.2,02/01/2024,2024-01
256,23,Estrutural,Superfície,Menor,Teste Manual,875.37,18/06/2024,2024-06
257,47,Estrutural,Superfície,Menor,Teste Manual,772.77,03/06/2024,2024-06
258,78,Estrutural,Componente,Menor,Teste Automatizado,617.12,07/05/2024,2024-05
259,74,Funcional,Superfície,Moderado,Teste Manual,900.61,20/03/2024,2024-03
260,70,Estrutural,Superfície,Menor,Teste Manual,159.25,03/03/2024,2024-03
261,59,Funcional,Interno,Menor,Teste Manual,16.62,02/03/2024,2024-03
262,77,Funcional,Superfície,Menor,Teste Automatizado,906.96,25/02/2024,2024-02
263,96,Funcional,Interno,Menor,Teste Manual,446.61,03/05/2024,2024-05
264,39,Estrutural,Superfície,Menor,Teste Manual,406.06,29/01/2024,2024-01
265,54,Estrutural,Componente,Menor,Teste Automatizado,286.25,08/06/2024,2024-06
266,74,Estrutural,Superfície,Crítico,Teste Manual,319.6,22/06/2024,2024-06
267,57,Funcional,Superfície,Moderado,Teste Manual,798.16,04/06/2024,2024-06
268,48,Funcional,Componente,Crítico,Teste Manual,674.23,05/01/2024,2024-01
269,99,Estético,Componente,Menor,Teste Manual,940.48,09/03/2024,2024-03
270,71,Funcional,Interno,Crítico,Inspeção Visual,42.63,05/04/2024,2024-04
271,37,Estético,Superfície,Crítico,Teste Automatizado,433.02,26/06/2024,2024-06
272,65,Estrutural,Interno,Menor,Teste Manual,606.91,09/04/2024,2024-04
273,94,Estrutural,Superfície,Moderado,Teste Automatizado,129.41,15/06/2024,2024-06
274,83,Estético,Superfície,Crítico,Teste Manual,444.1,05/02/2024,2024-02
275,71,Funcional,Superfície,Moderado,Teste Manual,634.26,29/05/2024,2024-05
276,46,Estético,Superfície,Moderado,Teste Manual,672.89,13/01/2024,2024-01
277,56,Funcional,Interno,Menor,Inspeção Visual,557.67,22/05/2024,2024-05
278,34,Funcional,Interno,Menor,Teste Manual,272.53,22/06/2024,2024-06
279,19,Estrutural,Interno,Menor,Inspeção Visual,503.24,17/02/2024,2024-02
280,27,Funcional,Superfície,Crítico,Inspeção Visual,611.37,23/04/2024,2024-04
281,69,Estético,Superfície,Menor,Inspeção Visual,501.54,24/01/2024,2024-01
282,90,Estrutural,Superfície,Menor,Teste Manual,290.23,20/05/2024,2024-05
283,63,Estético,Interno,Moderado,Teste Manual,195.84,30/01/2024,2024-01
284,86,Estrutural,Interno,Moderado,Inspeção Visual,88.05,09/04/2024,2024-04
285,82,Estrutural,Superfície,Crítico,Teste Manual,97.99,17/05/2024,2024-05
286,65,Estrutural,Interno,Crítico,Inspeção Visual,349.24,19/06/2024,2024-06
287,14,Estrutural,Interno,Crítico,Teste Manual,421.51,31/01/2024,2024-01
288,48,Estrutural,Interno,Crítico,Teste Manual,422.77,26/05/2024,2024-05
289,61,Estrutural,Interno,Menor,Teste Automatizado,925.03,07/02/2024,2024-02
290,35,Estrutural,Interno,Menor,Teste Automatizado,319.58,27/02/2024,2024-02
291,67,Funcional,Superfície,Moderado,Teste Automatizado,556.42,22/04/2024,2024-04
292,16,Estrutural,Superfície,Menor,Teste Automatizado,818.54,04/02/2024,2024-02
293,44,Estrutural,Interno,Moderado,Teste Automatizado,320.62,02/01/2024,2024-01
294,80,Estético,Interno,Moderado,Teste Manual,178.82,31/03/2024,2024-03
295,83,Estrutural,Superfície,Crítico,Teste Manual,237.65,29/02/2024,2024-02
296,93,Estrutural,Componente,Moderado,Teste Manual,658.16,14/03/2024,2024-03
297,43,Estrutural,Superfície,Menor,Inspeção Visual,326.58,23/01/2024,2024-01
298,87,Estético,Superfície,Menor,Teste Manual,301.61,14/02/2024,2024-02
299,56,Estético,Superfície,Menor,Inspeção Visual,357.56,26/05/2024,2024-05
300,3,Funcional,Interno,Crítico,Teste Manual,358.21,26/04/2024,2024-04
301,22,Estrutural,Superfície,Moderado,Teste Manual,89.91,03/05/2024,2024-05
302,85,Estético,Interno,Menor,Teste Automatizado,18.42,06/05/2024,2024-05
303,80,Funcional,Componente,Moderado,Inspeção Visual,294.31,25/04/2024,2024-04
304,17,Funcional,Interno,Menor,Inspeção Visual,865.96,24/04/2024,2024-04
305,35,Estético,Componente,Menor,Inspeção Visual,578.28,12/06/2024,2024-06
306,39,Estrutural,Superfície,Crítico,Inspeção Visual,495.87,13/02/2024,2024-02
307,30,Funcional,Componente,Menor,Inspeção Visual,728.39,19/06/2024,2024-06
308,47,Estético,Componente,Menor,Teste Manual,949.72,08/01/2024,2024-01
309,24,Estrutural,Componente,Moderado,Teste Manual,56.12,23/03/2024,2024-03
310,76,Estrutural,Componente,Moderado,Teste Automatizado,56.35,26/05/2024,2024-05
311,38,Estrutural,Interno,Menor,Teste Manual,651.35,08/04/2024,2024-04
312,47,Estético,Componente,Menor,Teste Manual,471.27,23/02/2024,2024-02
313,82,Estético,Superfície,Moderado,Inspeção Visual,732.6,29/05/2024,2024-05
314,36,Estético,Componente,Menor,Teste Automatizado,865.3,19/02/2024,2024-02
315,40,Funcional,Interno,Menor,Teste Automatizado,49.2,15/01/2024,2024-01
316,28,Estético,Superfície,Crítico,Teste Manual,567.72,09/06/2024,2024-06
317,31,Estético,Superfície,Moderado,Inspeção Visual,490.53,09/01/2024,2024-01
318,34,Funcional,Componente,Menor,Teste Manual,11.38,03/03/2024,2024-03
319,56,Funcional,Componente,Moderado,Inspeção Visual,409.72,23/02/2024,2024-02
320,45,Funcional,Componente,Menor,Inspeção Visual,515.07,05/01/2024,2024-01
321,32,Estrutural,Componente,Moderado,Inspeção Visual,42.44,06/06/2024,2024-06
322,54,Funcional,Interno,Crítico,Teste Automatizado,883.58,30/05/2024,2024-05
323,44,Estrutural,Interno,Menor,Teste Automatizado,624.98,08/06/2024,2024-06
324,97,Funcional,Componente,Menor,Teste Manual,195.74,06/04/2024,2024-04
325,15,Funcional,Interno,Moderado,Teste Manual,241.22,15/04/2024,2024-04
326,97,Estético,Componente,Menor,Teste Manual,441.18,29/04/2024,2024-04
327,17,Estrutural,Componente,Crítico,Teste Manual,274.09,01/04/2024,2024-04
328,91,Funcional,Superfície,Moderado,Inspeção Visual,268.52,08/06/2024,2024-06
329,92,Estrutural,Componente,Crítico,Teste Automatizado,170.44,02/01/2024,2024-01
330,72,Funcional,Componente,Moderado,Teste Automatizado,386.43,01/03/2024,2024-03
331,74,Funcional,Superfície,Menor,Teste Manual,970.98,01/03/2024,2024-03
332,7,Funcional,Componente,Menor,Teste Automatizado,751.73,16/05/2024,2024-05
333,24,Funcional,Componente,Menor,Teste Automatizado,285.85,22/04/2024,2024-04
334,10,Estrutural,Interno,Crítico,Teste Manual,478.75,15/03/2024,2024-03
335,26,Estético,Superfície,Menor,Teste Automatizado,884.79,29/02/2024,2024-02
336,92,Estético,Superfície,Moderado,Teste Automatizado,44.73,13/04/2024,2024-04
337,68,Estético,Componente,Menor,Teste Automatizado,952.79,24/05/2024,2024-05
338,31,Estético,Componente,Moderado,Teste Manual,959.59,03/01/2024,2024-01
339,41,Estrutural,Componente,Moderado,Inspeção Visual,312.25,15/02/2024,2024-02
340,95,Estético,Componente,Menor,Inspeção Visual,658.47,23/06/2024,2024-06
341,17,Funcional,Superfície,Menor,Teste Manual,243.25,03/05/2024,2024-05
342,4,Estético,Interno,Moderado,Teste Automatizado,199.65,24/05/2024,2024-05
343,96,Funcional,Componente,Menor,Inspeção Visual,471.43,30/01/2024,2024-01
344,81,Funcional,Componente,Moderado,Inspeção Visual,756.85,06/02/2024,2024-02
345,61,Estrutural,Interno,Crítico,Inspeção Visual,369.06,31/05/2024,2024-05
346,97,Estético,Superfície,Menor,Teste Manual,326.19,14/06/2024,2024-06
347,90,Funcional,Componente,Menor,Inspeção Visual,22.07,19/05/2024,2024-05
348,29,Estético,Componente,Crítico,Inspeção Visual,825.33,18/04/2024,2024-04
349,45,Estético,Superfície,Menor,Teste Automatizado,697.77,20/01/2024,2024-01
350,33,Estrutural,Componente,Moderado,Inspeção Visual,417.1,18/05/2024,2024-05
351,44,Estético,Superfície,Menor,Inspeção Visual,74.81,07/06/2024,2024-06
352,30,Funcional,Superfície,Menor,Inspeção Visual,104.54,24/02/2024,2024-02
353,29,Funcional,Componente,Crítico,Teste Manual,480.07,14/06/2024,2024-06
354,26,Estrutural,Superfície,Menor,Teste Manual,842.37,13/03/2024,2024-03
355,18,Estético,Interno,Crítico,Teste Manual,422.03,12/03/2024,2024-03
356,9,Funcional,Interno,Crítico,Inspeção Visual,161.41,03/02/2024,2024-02
357,50,Estético,Componente,Crítico,Inspeção Visual,361.26,08/02/2024,2024-02
358,71,Estético,Superfície,Crítico,Teste Automatizado,999.25,17/05/2024,2024-05
359,27,Funcional,Interno,Crítico,Teste Automatizado,495.53,17/02/2024,2024-02
360,82,Funcional,Interno,Moderado,Inspeção Visual,40.89,02/06/2024,2024-06
361,19,Funcional,Componente,Moderado,Teste Manual,444.31,07/06/2024,2024-06
362,45,Estrutural,Superfície,Menor,Teste Manual,739.69,20/06/2024,2024-06
363,12,Estrutural,Interno,Menor,Inspeção Visual,577.64,20/06/2024,2024-06
364,54,Funcional,Componente,Menor,Inspeção Visual,230.65,21/03/2024,2024-03
365,40,Estrutural,Componente,Menor,Teste Manual,692.1,10/04/2024,2024-04
366,95,Funcional,Interno,Crítico,Inspeção Visual,378.29,04/04/2024,2024-04
367,21,Funcional,Interno,Moderado,Inspeção Visual,584.9,23/01/2024,2024-01
368,35,Funcional,Interno,Moderado,Inspeção Visual,39.01,01/03/2024,2024-03
369,47,Funcional,Interno,Crítico,Inspeção Visual,899.07,26/01/2024,2024-01
370,93,Estrutural,Interno,Menor,Inspeção Visual,96.04,27/01/2024,2024-01
371,74,Estrutural,Interno,Moderado,Inspeção Visual,269.99,02/01/2024,2024-01
372,76,Estético,Superfície,Menor,Inspeção Visual,996.49,14/05/2024,2024-05
373,92,Funcional,Superfície,Moderado,Teste Manual,573.22,11/01/2024,2024-01
374,5,Estrutural,Interno,Moderado,Inspeção Visual,694.03,13/06/2024,2024-06
375,48,Funcional,Interno,Menor,Inspeção Visual,963.03,10/05/2024,2024-05
376,54,Funcional,Componente,Moderado,Teste Manual,118.46,10/01/2024,2024-01
377,97,Estrutural,Componente,Moderado,Teste Automatizado,773.47,16/01/2024,2024-01
378,41,Estrutural,Superfície,Menor,Inspeção Visual,180.86,12/06/2024,2024-06
379,34,Estético,Superfície,Menor,Teste Manual,18.61,05/04/2024,2024-04
380,25,Estético,Componente,Crítico,Teste Manual,176.96,10/04/2024,2024-04
381,27,Estético,Superfície,Moderado,Inspeção Visual,32.44,07/01/2024,2024-01
382,74,Estético,Componente,Menor,Teste Manual,351.27,12/02/2024,2024-02
383,51,Funcional,Componente,Crítico,Inspeção Visual,303.16,05/01/2024,2024-01
384,98,Estético,Interno,Crítico,Teste Automatizado,404.15,05/05/2024,2024-05
385,83,Estrutural,Interno,Moderado,Teste Automatizado,800.76,10/01/2024,2024-01
386,60,Estrutural,Superfície,Moderado,Inspeção Visual,321.45,29/01/2024,2024-01
387,84,Funcional,Superfície,Crítico,Teste Manual,510.38,14/02/2024,2024-02
388,32,Estrutural,Interno,Menor,Teste Automatizado,883.92,17/02/2024,2024-02
389,49,Estrutural,Interno,Menor,Teste Automatizado,918.87,16/04/2024,2024-04
390,1,Estrutural,Superfície,Crítico,Teste Automatizado,564.46,19/05/2024,2024-05
391,7,Funcional,Interno,Menor,Inspeção Visual,889.4,03/06/2024,2024-06
392,81,Funcional,Componente,Crítico,Teste Automatizado,197.87,25/02/2024,2024-02
393,24,Estético,Superfície,Crítico,Inspeção Visual,786.6,09/06/2024,2024-06
394,37,Funcional,Interno,Moderado,Teste Manual,740.36,04/05/2024,2024-05
395,81,Funcional,Superfície,Crítico,Teste Automatizado,667.24,05/03/2024,2024-03
396,84,Estético,Superfície,Crítico,Inspeção Visual,77.72,09/01/2024,2024-01
397,79,Funcional,Superfície,Moderado,Inspeção Visual,106.59,16/04/2024,2024-04
398,3,Estrutural,Superfície,Menor,Teste Manual,529.16,20/02/2024,2024-02
399,50,Funcional,Superfície,Crítico,Teste Manual,94.34,07/04/2024,2024-04
400,44,Estético,Componente,Moderado,Teste Manual,97.53,12/04/2024,2024-04
401,34,Funcional,Interno,Crítico,Teste Automatizado,500.88,19/04/2024,2024-04
402,41,Funcional,Interno,Menor,Teste Manual,477.42,23/02/2024,2024-02
403,6,Estético,Superfície,Menor,Teste Manual,810.57,09/05/2024,2024-05
404,47,Estrutural,Superfície,Menor,Teste Automatizado,945.16,01/05/2024,2024-05
405,4,Funcional,Interno,Menor,Inspeção Visual,325.31,24/03/2024,2024-03
406,39,Funcional,Componente,Moderado,Inspeção Visual,810.44,11/04/2024,2024-04
407,10,Funcional,Interno,Crítico,Inspeção Visual,623.76,30/05/2024,2024-05
408,45,Estrutural,Interno,Menor,Inspeção Visual,375.28,24/06/2024,2024-06
409,46,Funcional,Superfície,Menor,Teste Automatizado,474.48,05/03/2024,2024-03
410,5,Estético,Superfície,Moderado,Inspeção Visual,636.39,13/03/2024,2024-03
411,86,Funcional,Componente,Menor,Inspeção Visual,957.36,28/02/2024,2024-02
412,97,Funcional,Interno,Menor,Teste Automatizado,66.98,02/02/2024,2024-02
413,20,Estrutural,Interno,Menor,Inspeção Visual,608.64,05/04/2024,2024-04
414,36,Estrutural,Componente,Moderado,Teste Automatizado,75.93,04/02/2024,2024-02
415,7,Estrutural,Componente,Crítico,Teste Automatizado,477.58,12/06/2024,2024-06
416,53,Estético,Componente,Moderado,Teste Automatizado,252.11,17/05/2024,2024-05
417,37,Estético,Componente,Crítico,Inspeção Visual,987.71,16/04/2024,2024-04
418,81,Funcional,Interno,Moderado,Teste Manual,464.04,23/03/2024,2024-03
419,61,Funcional,Componente,Menor,Inspeção Visual,694.29,13/02/2024,2024-02
420,56,Estrutural,Superfície,Crítico,Teste Automatizado,829.49,20/04/2024,2024-04
421,79,Funcional,Interno,Menor,Inspeção Visual,466.04,09/01/2024,2024-01
422,12,Funcional,Interno,Moderado,Teste Manual,101.05,11/04/2024,2024-04
423,66,Estético,Interno,Crítico,Teste Automatizado,748.29,04/01/2024,2024-01
424,27,Estrutural,Componente,Moderado,Inspeção Visual,438.54,27/03/2024,2024-03
425,88,Funcional,Componente,Moderado,Inspeção Visual,834.57,25/02/2024,2024-02
426,62,Funcional,Interno,Crítico,Teste Manual,655.02,23/05/2024,2024-05
427,10,Estrutural,Superfície,Crítico,Teste Manual,342.61,22/03/2024,2024-03
428,61,Estrutural,Interno,Crítico,Inspeção Visual,539.5,26/03/2024,2024-03
429,15,Funcional,Componente,Moderado,Inspeção Visual,487.41,19/06/2024,2024-06
430,72,Estrutural,Superfície,Menor,Teste Automatizado,212.86,27/06/2024,2024-06
431,77,Funcional,Superfície,Crítico,Inspeção Visual,873.59,13/05/2024,2024-05
432,56,Estético,Superfície,Moderado,Teste Automatizado,389.21,25/02/2024,2024-02
433,18,Estético,Componente,Menor,Teste Automatizado,34.48,03/05/2024,2024-05
434,42,Funcional,Superfície,Menor,Teste Manual,235.97,12/05/2024,2024-05
435,41,Estrutural,Superfície,Moderado,Inspeção Visual,575.15,08/04/2024,2024-04
436,44,Estrutural,Superfície,Menor,Inspeção Visual,182.54,18/06/2024,2024-06
437,82,Estético,Componente,Menor,Teste Automatizado,752.8,06/05/2024,2024-05
438,39,Funcional,Componente,Crítico,Inspeção Visual,214.33,12/01/2024,2024-01
439,63,Funcional,Superfície,Moderado,Inspeção Visual,716.26,13/03/2024,2024-03
440,78,Estrutural,Superfície,Crítico,Inspeção Visual,608.46,03/03/2024,2024-03
441,92,Estrutural,Interno,Moderado,Teste Automatizado,255.47,18/06/2024,2024-06
442,92,Estrutural,Componente,Menor,Teste Manual,914.32,06/02/2024,2024-02
443,16,Estético,Interno,Crítico,Teste Automatizado,519.15,25/06/2024,2024-06
444,63,Funcional,Interno,Moderado,Teste Manual,816.09,08/02/2024,2024-02
445,65,Funcional,Componente,Menor,Teste Manual,481.11,23/03/2024,2024-03
446,60,Estético,Componente,Moderado,Teste Automatizado,780.05,20/01/2024,2024-01
447,58,Estrutural,Interno,Menor,Teste Automatizado,750.51,09/01/2024,2024-01
448,69,Funcional,Componente,Moderado,Teste Manual,908.59,10/05/2024,2024-05
449,7,Funcional,Componente,Moderado,Inspeção Visual,705.47,10/03/2024,2024-03
450,80,Funcional,Interno,Menor,Teste Automatizado,406.28,23/04/2024,2024-04
451,55,Funcional,Interno,Crítico,Teste Manual,295.41,02/01/2024,2024-01
452,6,Estrutural,Interno,Crítico,Inspeção Visual,903.36,04/03/2024,2024-03
453,86,Estrutural,Componente,Moderado,Teste Manual,803.65,17/05/2024,2024-05
454,70,Funcional,Componente,Moderado,Teste Automatizado,359.69,30/03/2024,2024-03
455,50,Estrutural,Componente,Moderado,Teste Manual,699.69,30/03/2024,2024-03
456,20,Estrutural,Superfície,Crítico,Teste Manual,281.81,05/04/2024,2024-04
457,63,Estrutural,Superfície,Menor,Teste Automatizado,896.04,11/04/2024,2024-04
458,66,Funcional,Interno,Moderado,Inspeção Visual,587.69,23/04/2024,2024-04
459,64,Funcional,Componente,Moderado,Teste Automatizado,623.52,26/02/2024,2024-02
460,66,Estrutural,Componente,Menor,Inspeção Visual,668.05,11/06/2024,2024-06
461,95,Funcional,Interno,Menor,Inspeção Visual,571.02,02/03/2024,2024-03
462,56,Estrutural,Interno,Menor,Teste Manual,918.39,18/02/2024,2024-02
463,75,Funcional,Superfície,Menor,Teste Automatizado,669.62,15/03/2024,2024-03
464,81,Funcional,Componente,Moderado,Inspeção Visual,581.01,27/01/2024,2024-01
465,39,Estrutural,Interno,Menor,Teste Manual,899.45,20/05/2024,2024-05
466,57,Estético,Superfície,Crítico,Inspeção Visual,764.59,05/01/2024,2024-01
467,83,Estético,Interno,Moderado,Teste Automatizado,150.16,28/02/2024,2024-02
468,98,Funcional,Interno,Menor,Inspeção Visual,791.72,26/03/2024,2024-03
469,90,Funcional,Superfície,Moderado,Teste Manual,15.1,28/04/2024,2024-04
470,76,Estrutural,Componente,Menor,Inspeção Visual,466.92,22/02/2024,2024-02
471,89,Estético,Interno,Menor,Teste Manual,833.02,24/03/2024,2024-03
472,43,Funcional,Interno,Crítico,Inspeção Visual,907.98,24/03/2024,2024-03
473,38,Estrutural,Interno,Menor,Teste Manual,652.85,25/02/2024,2024-02
474,62,Estético,Componente,Moderado,Teste Automatizado,618.88,04/02/2024,2024-02
475,97,Estético,Superfície,Moderado,Teste Manual,140.36,16/03/2024,2024-03
476,86,Estético,Interno,Crítico,Inspeção Visual,683.68,01/02/2024,2024-02
477,38,Funcional,Componente,Crítico,Inspeção Visual,613.47,23/02/2024,2024-02
478,58,Funcional,Superfície,Moderado,Inspeção Visual,895.11,18/01/2024,2024-01
479,32,Estético,Componente,Crítico,Inspeção Visual,515.94,07/06/2024,2024-06
480,78,Funcional,Interno,Menor,Teste Automatizado,293.09,07/01/2024,2024-01
481,66,Estético,Superfície,Crítico,Teste Automatizado,689.42,02/06/2024,2024-06
482,68,Estrutural,Superfície,Crítico,Inspeção Visual,148.53,16/06/2024,2024-06
483,10,Estrutural,Componente,Moderado,Inspeção Visual,933.3,17/02/2024,2024-02
484,77,Estético,Interno,Menor,Teste Manual,336.75,10/02/2024,2024-02
485,50,Estrutural,Superfície,Menor,Teste Manual,223.73,29/02/2024,2024-02
486,97,Estético,Interno,Crítico,Teste Automatizado,236.47,29/03/2024,2024-03
487,26,Estético,Interno,Crítico,Teste Manual,647.11,13/03/2024,2024-03
488,51,Estético,Superfície,Menor,Teste Automatizado,268.57,04/04/2024,2024-04
489,57,Estético,Interno,Menor,Inspeção Visual,405.89,10/05/2024,2024-05
490,12,Funcional,Interno,Menor,Teste Manual,643.98,11/03/2024,2024-03
491,90,Funcional,Interno,Crítico,Teste Manual,183.11,19/02/2024,2024-02
492,79,Funcional,Componente,Moderado,Inspeção Visual,878.64,21/04/2024,2024-04
493,58,Funcional,Componente,Crítico,Teste Manual,702.09,09/06/2024,2024-06
494,31,Estrutural,Interno,Crítico,Inspeção Visual,823.59,01/03/2024,2024-03
495,49,Estrutural,Superfície,Moderado,Teste Automatizado,294.56,28/01/2024,2024-01
496,6,Funcional,Interno,Crítico,Inspeção Visual,533.14,16/01/2024,2024-01
497,49,Funcional,Componente,Crítico,Inspeção Visual,975.5,28/03/2024,2024-03
498,87,Estético,Interno,Moderado,Inspeção Visual,707.21,17/06/2024,2024-06
499,60,Estético,Superfície,Moderado,Inspeção Visual,775.91,01/04/2024,2024-04
500,100,Funcional,Superfície,Moderado,Teste Manual,617.36,19/04/2024,2024-04
501,46,Estrutural,Superfície,Menor,Inspeção Visual,922.52,13/01/2024,2024-01
502,62,Estrutural,Superfície,Menor,Teste Automatizado,81.91,26/04/2024,2024-04
503,91,Estético,Superfície,Crítico,Teste Manual,40.19,13/06/2024,2024-06
504,74,Estético,Interno,Moderado,Teste Manual,943.79,26/05/2024,2024-05
505,92,Estrutural,Superfície,Menor,Inspeção Visual,411.9,11/04/2024,2024-04
506,66,Estrutural,Interno,Crítico,Inspeção Visual,759.53,05/05/2024,2024-05
507,81,Estético,Componente,Crítico,Teste Manual,368.11,15/01/2024,2024-01
508,41,Funcional,Superfície,Moderado,Inspeção Visual,27.9,04/04/2024,2024-04
509,91,Estrutural,Interno,Crítico,Teste Automatizado,670.09,21/04/2024,2024-04
510,35,Funcional,Interno,Crítico,Teste Automatizado,790.76,24/05/2024,2024-05
511,12,Estético,Interno,Moderado,Teste Manual,769.88,20/06/2024,2024-06
512,77,Estético,Interno,Crítico,Teste Automatizado,262.6,06/05/2024,2024-05
513,11,Estético,Superfície,Moderado,Inspeção Visual,520.44,23/03/2024,2024-03
514,93,Estrutural,Componente,Menor,Inspeção Visual,624.75,19/05/2024,2024-05
515,3,Estrutural,Interno,Moderado,Teste Manual,496.27,22/03/2024,2024-03
516,43,Funcional,Componente,Moderado,Teste Automatizado,368.54,20/06/2024,2024-06
517,88,Estético,Interno,Moderado,Teste Manual,942.94,12/06/2024,2024-06
518,4,Estético,Interno,Crítico,Teste Automatizado,449.63,28/03/2024,2024-03
519,96,Funcional,Interno,Crítico,Teste Manual,117.82,18/06/2024,2024-06
520,75,Funcional,Interno,Crítico,Inspeção Visual,300.05,12/05/2024,2024-05
521,86,Estrutural,Superfície,Crítico,Inspeção Visual,975.1,07/01/2024,2024-01
522,70,Estrutural,Superfície,Crítico,Teste Manual,74.36,13/01/2024,2024-01
523,6,Funcional,Componente,Moderado,Teste Automatizado,924.05,08/01/2024,2024-01
524,14,Estético,Superfície,Menor,Inspeção Visual,132.39,10/02/2024,2024-02
525,77,Funcional,Superfície,Crítico,Teste Manual,893.77,24/02/2024,2024-02
526,65,Estrutural,Superfície,Menor,Teste Manual,142.64,10/02/2024,2024-02
527,70,Estrutural,Componente,Menor,Teste Manual,368.94,19/04/2024,2024-04
528,8,Funcional,Interno,Menor,Teste Automatizado,997.03,10/06/2024,2024-06
529,54,Estrutural,Superfície,Menor,Teste Manual,496.1,02/01/2024,2024-01
530,98,Funcional,Superfície,Crítico,Teste Automatizado,798.12,02/02/2024,2024-02
531,82,Estético,Interno,Crítico,Inspeção Visual,572.74,08/02/2024,2024-02
532,6,Estrutural,Superfície,Crítico,Teste Manual,53.77,10/02/2024,2024-02
533,49,Estético,Superfície,Menor,Inspeção Visual,369.83,03/04/2024,2024-04
534,14,Estético,Superfície,Menor,Inspeção Visual,398.17,11/04/2024,2024-04
535,88,Estrutural,Interno,Crítico,Teste Automatizado,825.57,21/03/2024,2024-03
536,8,Funcional,Interno,Crítico,Teste Automatizado,201.88,13/05/2024,2024-05
537,91,Estético,Componente,Crítico,Inspeção Visual,47.47,13/06/2024,2024-06
538,1,Estrutural,Componente,Moderado,Teste Automatizado,856.33,11/05/2024,2024-05
539,15,Estético,Interno,Moderado,Teste Manual,497.65,12/05/2024,2024-05
540,20,Estético,Interno,Menor,Teste Manual,908.53,14/02/2024,2024-02
541,16,Estético,Componente,Crítico,Teste Manual,371.88,29/04/2024,2024-04
542,49,Funcional,Superfície,Moderado,Teste Manual,960.15,25/06/2024,2024-06
543,76,Estrutural,Componente,Menor,Inspeção Visual,73.55,18/03/2024,2024-03
544,56,Estético,Componente,Menor,Teste Automatizado,615.43,12/01/2024,2024-01
545,21,Estrutural,Componente,Menor,Inspeção Visual,619.02,17/06/2024,2024-06
546,17,Funcional,Componente,Menor,Teste Manual,677.64,15/01/2024,2024-01
547,10,Estético,Superfície,Moderado,Inspeção Visual,684.16,25/02/2024,2024-02
548,90,Funcional,Interno,Crítico,Teste Automatizado,536.37,26/03/2024,2024-03
549,8,Estético,Superfície,Menor,Inspeção Visual,47.22,22/01/2024,2024-01
550,27,Estrutural,Superfície,Menor,Teste Automatizado,704.44,26/05/2024,2024-05
551,87,Funcional,Superfície,Menor,Teste Automatizado,512.02,15/04/2024,2024-04
552,93,Estrutural,Componente,Menor,Teste Automatizado,36.04,04/06/2024,2024-06
553,12,Funcional,Superfície,Crítico,Teste Manual,811.65,10/01/2024,2024-01
554,30,Funcional,Interno,Crítico,Teste Automatizado,900.37,28/01/2024,2024-01
555,4,Funcional,Componente,Menor,Teste Automatizado,644.51,06/03/2024,2024-03
556,71,Funcional,Superfície,Menor,Inspeção Visual,355.85,11/02/2024,2024-02
557,97,Funcional,Interno,Menor,Teste Manual,945.18,03/03/2024,2024-03
558,12,Estrutural,Interno,Menor,Inspeção Visual,201.79,13/04/2024,2024-04
559,17,Estético,Interno,Menor,Teste Manual,73.0,26/02/2024,2024-02
560,94,Estético,Superfície,Moderado,Teste Manual,769.57,09/01/2024,2024-01
561,45,Funcional,Superfície,Moderado,Teste Automatizado,930.11,27/03/2024,2024-03
562,72,Estético,Interno,Moderado,Teste Manual,554.98,15/01/2024,2024-01
563,56,Funcional,Componente,Menor,Teste Automatizado,826.59,13/02/2024,2024-02
564,93,Funcional,Superfície,Crítico,Teste Manual,362.82,18/02/2024,2024-02
565,58,Estrutural,Superfície,Menor,Teste Manual,946.8,15/01/2024,2024-01
566,96,Estético,Interno,Menor,Teste Automatizado,192.28,17/02/2024,2024-02
567,38,Funcional,Interno,Crítico,Teste Automatizado,383.41,04/04/2024,2024-04
568,62,Estrutural,Superfície,Menor,Teste Automatizado,132.83,19/03/2024,2024-03
569,97,Funcional,Componente,Crítico,Teste Automatizado,904.32,14/05/2024,2024-05
570,12,Estético,Interno,Crítico,Inspeção Visual,944.63,22/03/2024,2024-03
571,47,Funcional,Superfície,Crítico,Teste Manual,524.5,19/04/2024,2024-04
572,73,Estrutural,Interno,Crítico,Inspeção Visual,976.75,17/02/2024,2024-02
573,46,Estético,Interno,Crítico,Inspeção Visual,508.94,27/02/2024,2024-02
574,5,Funcional,Componente,Crítico,Inspeção Visual,565.86,21/01/2024,2024-01
575,72,Funcional,Componente,Menor,Inspeção Visual,151.62,07/03/2024,2024-03
576,99,Estrutural,Superfície,Crítico,Teste Automatizado,394.88,10/04/2024,2024-04
577,1,Funcional,Superfície,Crítico,Inspeção Visual,404.22,21/04/2024,2024-04
578,26,Estrutural,Componente,Menor,Inspeção Visual,564.82,09/06/2024,2024-06
579,100,Estrutural,Interno,Menor,Teste Manual,722.21,12/04/2024,2024-04
580,15,Estrutural,Interno,Moderado,Inspeção Visual,16.05,04/03/2024,2024-03
581,9,Funcional,Interno,Moderado,Teste Manual,666.31,20/06/2024,2024-06
582,80,Estético,Componente,Moderado,Teste Automatizado,346.73,08/06/2024,2024-06
583,86,Estrutural,Interno,Moderado,Teste Automatizado,138.42,29/06/2024,2024-06
584,42,Estrutural,Componente,Menor,Inspeção Visual,663.53,29/06/2024,2024-06
585,19,Estrutural,Superfície,Crítico,Teste Automatizado,150.78,01/06/2024,2024-06
586,97,Estético,Superfície,Crítico,Teste Automatizado,503.25,11/03/2024,2024-03
587,68,Estrutural,Superfície,Moderado,Teste Manual,576.57,03/02/2024,2024-02
588,40,Estrutural,Superfície,Moderado,Inspeção Visual,204.6,26/02/2024,2024-02
589,8,Estrutural,Interno,Moderado,Inspeção Visual,410.72,03/03/2024,2024-03
590,90,Estrutural,Componente,Menor,Teste Manual,50.38,17/02/2024,2024-02
591,90,Funcional,Superfície,Moderado,Teste Manual,400.31,09/02/2024,2024-02
592,7,Estrutural,Interno,Menor,Teste Automatizado,301.7,01/06/2024,2024-06
593,73,Funcional,Superfície,Moderado,Inspeção Visual,64.74,23/06/2024,2024-06
594,96,Estético,Superfície,Moderado,Teste Automatizado,485.27,14/01/2024,2024-01
595,60,Estético,Superfície,Moderado,Teste Automatizado,194.44,21/06/2024,2024-06
596,74,Estrutural,Interno,Moderado,Teste Automatizado,891.01,16/06/2024,2024-06
597,26,Estético,Interno,Crítico,Teste Automatizado,267.51,19/04/2024,2024-04
598,50,Funcional,Componente,Crítico,Teste Automatizado,151.43,08/06/2024,2024-06
599,36,Funcional,Interno,Crítico,Teste Manual,297.76,20/04/2024,2024-04
600,46,Estético,Componente,Crítico,Teste Manual,663.35,21/04/2024,2024-04
601,46,Estrutural,Interno,Moderado,Inspeção Visual,927.75,24/04/2024,2024-04
602,74,Estético,Superfície,Moderado,Inspeção Visual,283.6,10/02/2024,2024-02
603,45,Estrutural,Superfície,Moderado,Teste Manual,919.65,21/03/2024,2024-03
604,100,Funcional,Superfície,Crítico,Inspeção Visual,302.29,25/03/2024,2024-03
605,63,Funcional,Superfície,Moderado,Teste Automatizado,309.53,27/05/2024,2024-05
606,63,Estrutural,Superfície,Menor,Teste Manual,478.6,13/04/2024,2024-04
607,75,Estético,Componente,Menor,Inspeção Visual,419.58,30/05/2024,2024-05
608,5,Estético,Superfície,Menor,Teste Automatizado,685.3,25/03/2024,2024-03
609,5,Estrutural,Interno,Crítico,Inspeção Visual,390.64,06/05/2024,2024-05
610,81,Estético,Interno,Menor,Teste Manual,837.9,12/05/2024,2024-05
611,80,Funcional,Interno,Menor,Teste Manual,67.82,20/01/2024,2024-01
612,56,Estrutural,Interno,Menor,Teste Manual,21.12,13/04/2024,2024-04
613,68,Estrutural,Superfície,Moderado,Inspeção Visual,700.72,08/01/2024,2024-01
614,67,Estético,Superfície,Crítico,Teste Manual,893.3,18/01/2024,2024-01
615,53,Estético,Superfície,Moderado,Teste Automatizado,736.75,02/03/2024,2024-03
616,81,Funcional,Interno,Crítico,Teste Manual,803.54,09/03/2024,2024-03
617,47,Funcional,Interno,Moderado,Teste Automatizado,21.17,23/03/2024,2024-03
618,92,Funcional,Componente,Menor,Teste Manual,678.59,29/02/2024,2024-02
619,87,Funcional,Componente,Moderado,Teste Automatizado,220.01,18/02/2024,2024-02
620,51,Estético,Interno,Crítico,Teste Manual,251.67,03/02/2024,2024-02
621,61,Estrutural,Superfície,Crítico,Teste Manual,808.85,10/04/2024,2024-04
622,87,Estrutural,Interno,Menor,Teste Manual,537.35,06/01/2024,2024-01
623,8,Estético,Componente,Moderado,Teste Manual,178.3,06/04/2024,2024-04
624,56,Estético,Interno,Crítico,Inspeção Visual,638.8,09/01/2024,2024-01
625,98,Funcional,Interno,Crítico,Teste Automatizado,770.66,24/06/2024,2024-06
626,7,Estrutural,Componente,Menor,Inspeção Visual,289.27,19/04/2024,2024-04
627,24,Estrutural,Componente,Menor,Teste Automatizado,779.02,15/05/2024,2024-05
628,23,Estrutural,Superfície,Moderado,Teste Automatizado,704.06,04/01/2024,2024-01
629,43,Funcional,Interno,Crítico,Inspeção Visual,546.42,16/04/2024,2024-04
630,95,Funcional,Componente,Moderado,Inspeção Visual,780.89,23/06/2024,2024-06
631,13,Estético,Superfície,Menor,Teste Manual,303.08,03/05/2024,2024-05
632,72,Estrutural,Interno,Menor,Teste Automatizado,557.57,04/05/2024,2024-05
633,28,Funcional,Componente,Menor,Teste Manual,222.11,28/01/2024,2024-01
634,94,Funcional,Interno,Menor,Inspeção Visual,575.47,23/05/2024,2024-05
635,60,Estrutural,Componente,Menor,Teste Automatizado,478.44,14/06/2024,2024-06
636,17,Funcional,Superfície,Moderado,Inspeção Visual,32.62,05/02/2024,2024-02
637,21,Funcional,Componente,Crítico,Teste Automatizado,121.29,29/05/2024,2024-05
638,89,Estético,Componente,Moderado,Teste Automatizado,967.29,07/04/2024,2024-04
639,43,Estético,Superfície,Moderado,Inspeção Visual,200.29,17/01/2024,2024-01
640,5,Estético,Interno,Menor,Teste Automatizado,185.0,21/06/2024,2024-06
641,7,Funcional,Interno,Moderado,Teste Manual,959.61,30/01/2024,2024-01
642,28,Estrutural,Componente,Crítico,Inspeção Visual,170.66,26/01/2024,2024-01
643,27,Estético,Componente,Menor,Inspeção Visual,563.94,17/06/2024,2024-06
644,58,Estético,Interno,Menor,Teste Automatizado,52.03,08/06/2024,2024-06
645,33,Funcional,Componente,Crítico,Teste Automatizado,474.62,07/06/2024,2024-06
646,20,Estrutural,Superfície,Moderado,Inspeção Visual,263.76,14/01/2024,2024-01
647,11,Estético,Componente,Moderado,Teste Automatizado,758.91,03/05/2024,2024-05
648,31,Estético,Componente,Crítico,Inspeção Visual,59.04,09/01/2024,2024-01
649,76,Estético,Interno,Moderado,Inspeção Visual,647.01,11/01/2024,2024-01
650,32,Estético,Interno,Moderado,Teste Manual,451.58,21/05/2024,2024-05
651,34,Estrutural,Interno,Menor,Teste Manual,221.25,09/02/2024,2024-02
652,66,Estético,Componente,Crítico,Teste Manual,194.9,19/04/2024,2024-04
653,62,Funcional,Superfície,Menor,Teste Automatizado,433.75,29/02/2024,2024-02
654,86,Estético,Superfície,Crítico,Teste Automatizado,264.85,19/06/2024,2024-06
655,91,Estético,Superfície,Moderado,Teste Automatizado,230.68,16/03/2024,2024-03
656,63,Estético,Superfície,Menor,Inspeção Visual,836.11,21/06/2024,2024-06
657,73,Estrutural,Superfície,Crítico,Teste Manual,703.94,27/03/2024,2024-03
658,94,Estrutural,Superfície,Moderado,Inspeção Visual,814.84,09/06/2024,2024-06
659,88,Estrutural,Componente,Menor,Inspeção Visual,153.25,19/01/2024,2024-01
660,12,Funcional,Interno,Menor,Inspeção Visual,324.09,28/03/2024,2024-03
661,48,Estrutural,Componente,Moderado,Inspeção Visual,436.9,06/02/2024,2024-02
662,35,Estético,Superfície,Menor,Teste Manual,917.26,17/06/2024,2024-06
663,25,Estético,Componente,Crítico,Teste Automatizado,45.26,13/01/2024,2024-01
664,47,Funcional,Superfície,Crítico,Inspeção Visual,416.2,26/01/2024,2024-01
665,55,Funcional,Componente,Menor,Teste Manual,246.83,16/05/2024,2024-05
666,45,Estrutural,Componente,Crítico,Inspeção Visual,824.28,03/01/2024,2024-01
667,12,Estético,Superfície,Menor,Inspeção Visual,680.74,02/06/2024,2024-06
668,33,Estrutural,Superfície,Crítico,Teste Automatizado,376.62,26/02/2024,2024-02
669,3,Funcional,Superfície,Moderado,Teste Manual,400.79,10/01/2024,2024-01
670,15,Estrutural,Componente,Crítico,Inspeção Visual,496.72,19/02/2024,2024-02
671,45,Estrutural,Componente,Moderado,Teste Manual,369.13,21/04/2024,2024-04
672,16,Funcional,Interno,Moderado,Teste Automatizado,916.45,19/05/2024,2024-05
673,63,Funcional,Interno,Menor,Inspeção Visual,152.08,01/05/2024,2024-05
674,63,Estrutural,Superfície,Moderado,Inspeção Visual,373.52,06/01/2024,2024-01
675,96,Estético,Superfície,Crítico,Inspeção Visual,345.64,12/05/2024,2024-05
676,4,Estético,Interno,Crítico,Inspeção Visual,33.95,06/04/2024,2024-04
677,2,Estrutural,Componente,Crítico,Inspeção Visual,478.44,04/01/2024,2024-01
678,19,Funcional,Componente,Crítico,Teste Manual,884.03,20/03/2024,2024-03
679,61,Estrutural,Interno,Crítico,Inspeção Visual,113.64,23/01/2024,2024-01
680,5,Estrutural,Componente,Moderado,Inspeção Visual,479.38,19/01/2024,2024-01
681,8,Estrutural,Interno,Crítico,Inspeção Visual,395.56,16/01/2024,2024-01
682,6,Estrutural,Componente,Moderado,Teste Manual,290.66,13/01/2024,2024-01
683,18,Estético,Componente,Menor,Inspeção Visual,309.32,25/02/2024,2024-02
684,33,Estrutural,Componente,Moderado,Teste Manual,28.05,16/03/2024,2024-03
685,40,Estrutural,Superfície,Crítico,Inspeção Visual,37.69,24/06/2024,2024-06
686,35,Estético,Interno,Crítico,Teste Automatizado,293.44,23/01/2024,2024-01
687,99,Funcional,Componente,Menor,Inspeção Visual,249.02,16/03/2024,2024-03
688,65,Estrutural,Superfície,Menor,Teste Manual,327.88,18/02/2024,2024-02
689,56,Estético,Superfície,Crítico,Teste Manual,749.31,09/03/2024,2024-03
690,96,Estético,Componente,Menor,Teste Automatizado,19.23,26/05/2024,2024-05
691,4,Funcional,Interno,Crítico,Teste Manual,470.43,31/05/2024,2024-05
692,67,Estético,Componente,Crítico,Teste Automatizado,135.49,18/02/2024,2024-02
693,95,Estrutural,Componente,Menor,Teste Manual,531.4,26/06/2024,2024-06
694,18,Estético,Superfície,Crítico,Teste Manual,205.83,16/02/2024,2024-02
695,97,Estético,Componente,Moderado,Inspeção Visual,547.02,20/04/2024,2024-04
696,84,Funcional,Componente,Moderado,Inspeção Visual,459.29,06/01/2024,2024-01
697,51,Estético,Superfície,Crítico,Teste Manual,762.32,02/04/2024,2024-04
698,34,Estético,Componente,Moderado,Inspeção Visual,684.85,29/03/2024,2024-03
699,1,Estético,Componente,Crítico,Teste Automatizado,940.9,04/04/2024,2024-04
700,41,Estético,Superfície,Menor,Teste Manual,894.66,13/02/2024,2024-02
701,67,Funcional,Componente,Menor,Teste Manual,10.44,30/03/2024,2024-03
702,43,Estético,Componente,Menor,Inspeção Visual,878.23,20/04/2024,2024-04
703,34,Estrutural,Interno,Menor,Teste Automatizado,164.64,31/01/2024,2024-01
704,7,Estrutural,Interno,Crítico,Inspeção Visual,132.46,02/02/2024,2024-02
705,54,Funcional,Interno,Moderado,Teste Automatizado,789.51,03/02/2024,2024-02
706,37,Funcional,Componente,Moderado,Inspeção Visual,969.4,24/05/2024,2024-05
707,86,Funcional,Superfície,Crítico,Teste Automatizado,667.18,14/03/2024,2024-03
708,22,Funcional,Componente,Menor,Teste Manual,781.35,09/04/2024,2024-04
709,79,Funcional,Componente,Menor,Teste Automatizado,711.6,10/03/2024,2024-03
710,4,Estético,Superfície,Moderado,Inspeção Visual,91.9,26/06/2024,2024-06
711,36,Estético,Interno,Menor,Teste Manual,767.74,28/05/2024,2024-05
712,74,Estrutural,Superfície,Menor,Inspeção Visual,535.88,30/03/2024,2024-03
713,36,Estrutural,Interno,Crítico,Teste Automatizado,390.43,29/02/2024,2024-02
714,66,Estético,Componente,Menor,Inspeção Visual,932.34,04/06/2024,2024-06
715,27,Funcional,Superfície,Moderado,Teste Manual,763.5,21/04/2024,2024-04
716,86,Estrutural,Superfície,Menor,Inspeção Visual,438.58,05/04/2024,2024-04
717,84,Estético,Interno,Menor,Teste Manual,147.94,01/01/2024,2024-01
718,33,Estético,Interno,Menor,Teste Automatizado,967.35,11/03/2024,2024-03
719,18,Estético,Interno,Menor,Teste Manual,909.42,04/04/2024,2024-04
720,77,Funcional,Interno,Moderado,Teste Manual,617.24,02/02/2024,2024-02
721,44,Estético,Componente,Moderado,Teste Manual,552.0,26/04/2024,2024-04
722,76,Estrutural,Interno,Menor,Teste Manual,746.64,10/03/2024,2024-03
723,25,Estrutural,Interno,Crítico,Inspeção Visual,133.43,27/01/2024,2024-01
724,58,Estrutural,Superfície,Moderado,Teste Manual,437.82,21/02/2024,2024-02
725,15,Estético,Superfície,Menor,Inspeção Visual,713.29,27/03/2024,2024-03
726,24,Estético,Superfície,Crítico,Teste Automatizado,321.04,25/02/2024,2024-02
727,92,Funcional,Superfície,Menor,Teste Automatizado,988.41,12/01/2024,2024-01
728,5,Estrutural,Componente,Crítico,Teste Manual,164.56,10/01/2024,2024-01
729,74,Estrutural,Componente,Moderado,Teste Manual,357.07,28/02/2024,2024-02
730,31,Estrutural,Superfície,Menor,Teste Automatizado,189.23,19/03/2024,2024-03
731,37,Estético,Componente,Moderado,Teste Manual,840.24,30/05/2024,2024-05
732,44,Estrutural,Interno,Menor,Teste Automatizado,630.5,21/02/2024,2024-02
733,28,Funcional,Superfície,Moderado,Teste Manual,584.54,06/02/2024,2024-02
734,85,Funcional,Superfície,Moderado,Teste Automatizado,995.47,16/02/2024,2024-02
735,60,Estrutural,Superfície,Crítico,Teste Manual,894.31,12/02/2024,2024-02
736,63,Funcional,Componente,Menor,Teste Automatizado,420.57,21/01/2024,2024-01
737,46,Estrutural,Componente,Moderado,Inspeção Visual,71.86,14/04/2024,2024-04
738,81,Estrutural,Interno,Menor,Teste Manual,895.96,04/05/2024,2024-05
739,98,Estético,Componente,Moderado,Teste Manual,491.28,04/02/2024,2024-02
740,79,Funcional,Interno,Moderado,Teste Manual,63.99,23/04/2024,2024-04
741,91,Estético,Interno,Menor,Inspeção Visual,409.99,06/04/2024,2024-04
742,51,Estético,Interno,Crítico,Teste Automatizado,391.78,06/01/2024,2024-01
743,27,Estético,Interno,Menor,Teste Manual,921.78,24/01/2024,2024-01
744,30,Estético,Componente,Menor,Teste Manual,789.34,10/06/2024,2024-06
745,97,Estético,Interno,Moderado,Inspeção Visual,862.7,08/05/2024,2024-05
746,93,Estrutural,Componente,Menor,Teste Manual,395.02,09/02/2024,2024-02
747,52,Estético,Superfície,Menor,Inspeção Visual,507.39,03/03/2024,2024-03
748,41,Estético,Interno,Moderado,Teste Manual,990.02,14/02/2024,2024-02
749,64,Funcional,Componente,Menor,Inspeção Visual,466.97,17/06/2024,2024-06
750,9,Funcional,Superfície,Moderado,Teste Manual,49.52,23/03/2024,2024-03
751,42,Funcional,Componente,Menor,Teste Manual,543.93,14/01/2024,2024-01
752,81,Funcional,Superfície,Moderado,Teste Automatizado,688.91,12/05/2024,2024-05
753,83,Estético,Superfície,Crítico,Inspeção Visual,140.96,08/01/2024,2024-01
754,17,Estrutural,Componente,Menor,Teste Manual,624.69,13/01/2024,2024-01
755,90,Estético,Componente,Crítico,Teste Manual,317.5,01/01/2024,2024-01
756,77,Funcional,Componente,Menor,Teste Manual,363.84,12/06/2024,2024-06
757,40,Funcional,Superfície,Moderado,Teste Manual,472.15,17/03/2024,2024-03
758,12,Estético,Interno,Moderado,Teste Automatizado,765.19,22/01/2024,2024-01
759,40,Estético,Superfície,Moderado,Teste Manual,551.79,23/03/2024,2024-03
760,31,Estrutural,Superfície,Crítico,Teste Manual,950.2,22/06/2024,2024-06
761,67,Funcional,Componente,Crítico,Teste Automatizado,749.01,05/01/2024,2024-01
762,27,Estético,Interno,Crítico,Teste Manual,917.24,15/02/2024,2024-02
763,44,Estético,Componente,Menor,Teste Automatizado,527.76,24/04/2024,2024-04
764,40,Estrutural,Interno,Menor,Inspeção Visual,615.24,26/04/2024,2024-04
765,70,Estrutural,Componente,Menor,Inspeção Visual,610.26,26/04/2024,2024-04
766,49,Estético,Componente,Moderado,Inspeção Visual,305.36,06/04/2024,2024-04
767,81,Estrutural,Componente,Menor,Teste Automatizado,753.7,23/03/2024,2024-03
768,48,Estético,Interno,Moderado,Inspeção Visual,67.49,09/01/2024,2024-01
769,83,Estrutural,Componente,Menor,Inspeção Visual,655.26,26/06/2024,2024-06
770,56,Estrutural,Superfície,Moderado,Inspeção Visual,119.28,24/04/2024,2024-04
771,97,Estrutural,Interno,Crítico,Teste Manual,617.35,13/01/2024,2024-01
772,1,Estético,Superfície,Crítico,Teste Manual,514.52,11/06/2024,2024-06
773,57,Funcional,Componente,Menor,Teste Automatizado,552.3,30/03/2024,2024-03
774,35,Estrutural,Superfície,Crítico,Teste Manual,957.27,17/03/2024,2024-03
775,22,Estético,Superfície,Menor,Inspeção Visual,379.78,16/05/2024,2024-05
776,37,Estrutural,Superfície,Menor,Teste Automatizado,20.93,02/05/2024,2024-05
777,59,Funcional,Componente,Moderado,Inspeção Visual,698.16,31/05/2024,2024-05
778,31,Funcional,Componente,Crítico,Teste Manual,270.7,16/01/2024,2024-01
779,71,Estrutural,Interno,Crítico,Teste Manual,733.76,24/03/2024,2024-03
780,81,Funcional,Superfície,Menor,Teste Manual,918.81,05/02/2024,2024-02
781,10,Estético,Componente,Menor,Teste Manual,830.39,30/05/2024,2024-05
782,92,Funcional,Interno,Moderado,Inspeção Visual,429.08,04/04/2024,2024-04
783,73,Estético,Interno,Moderado,Teste Automatizado,800.91,09/04/2024,2024-04
784,2,Funcional,Superfície,Moderado,Teste Automatizado,36.5,30/03/2024,2024-03
785,63,Estético,Superfície,Moderado,Inspeção Visual,861.84,07/04/2024,2024-04
786,54,Estético,Superfície,Menor,Teste Automatizado,947.21,24/06/2024,2024-06
787,36,Funcional,Superfície,Menor,Teste Manual,37.44,23/01/2024,2024-01
788,41,Estrutural,Componente,Crítico,Teste Automatizado,571.65,25/01/2024,2024-01
789,54,Estrutural,Superfície,Menor,Teste Automatizado,331.32,21/01/2024,2024-01
790,3,Estrutural,Interno,Crítico,Teste Manual,212.4,10/03/2024,2024-03
791,94,Funcional,Superfície,Menor,Teste Automatizado,451.46,15/04/2024,2024-04
792,99,Funcional,Interno,Menor,Teste Manual,948.05,05/03/2024,2024-03
793,79,Funcional,Componente,Moderado,Inspeção Visual,111.39,07/05/2024,2024-05
794,81,Estrutural,Interno,Crítico,Teste Automatizado,281.41,21/03/2024,2024-03
795,83,Estrutural,Interno,Menor,Teste Automatizado,866.14,08/03/2024,2024-03
796,83,Estrutural,Componente,Menor,Inspeção Visual,545.23,08/05/2024,2024-05
797,62,Estético,Superfície,Moderado,Inspeção Visual,545.72,09/06/2024,2024-06
798,77,Funcional,Componente,Crítico,Inspeção Visual,395.56,10/05/2024,2024-05
799,87,Estrutural,Componente,Moderado,Teste Manual,914.5,08/06/2024,2024-06
800,38,Estético,Interno,Menor,Teste Automatizado,339.94,30/05/2024,2024-05
801,77,Estético,Superfície,Moderado,Inspeção Visual,206.92,18/03/2024,2024-03
802,98,Funcional,Componente,Moderado,Inspeção Visual,336.29,17/03/2024,2024-03
803,93,Estrutural,Interno,Crítico,Inspeção Visual,911.03,08/01/2024,2024-01
804,13,Estrutural,Superfície,Menor,Inspeção Visual,720.18,06/01/2024,2024-01
805,23,Funcional,Superfície,Moderado,Teste Manual,602.51,17/04/2024,2024-04
806,22,Funcional,Interno,Crítico,Teste Manual,996.6,08/04/2024,2024-04
807,99,Estético,Superfície,Menor,Teste Automatizado,373.64,28/01/2024,2024-01
808,99,Estético,Componente,Menor,Inspeção Visual,792.57,30/03/2024,2024-03
809,8,Estrutural,Superfície,Menor,Inspeção Visual,956.44,19/03/2024,2024-03
810,77,Funcional,Componente,Crítico,Teste Manual,916.1,30/06/2024,2024-06
811,7,Funcional,Superfície,Moderado,Inspeção Visual,93.31,15/05/2024,2024-05
812,76,Estrutural,Interno,Crítico,Teste Automatizado,576.28,18/03/2024,2024-03
813,93,Funcional,Superfície,Menor,Inspeção Visual,89.52,06/05/2024,2024-05
814,79,Estrutural,Componente,Menor,Teste Manual,381.12,06/01/2024,2024-01
815,65,Estrutural,Superfície,Moderado,Inspeção Visual,686.02,21/06/2024,2024-06
816,43,Funcional,Superfície,Menor,Teste Manual,585.81,17/03/2024,2024-03
817,96,Estrutural,Interno,Crítico,Teste Automatizado,28.26,31/03/2024,2024-03
818,82,Funcional,Componente,Crítico,Inspeção Visual,858.99,06/03/2024,2024-03
819,63,Estético,Superfície,Crítico,Teste Automatizado,373.68,28/02/2024,2024-02
820,61,Funcional,Componente,Crítico,Teste Manual,937.41,19/02/2024,2024-02
821,65,Estético,Superfície,Moderado,Inspeção Visual,960.72,11/02/2024,2024-02
822,41,Funcional,Componente,Moderado,Teste Manual,988.9,25/02/2024,2024-02
823,88,Estético,Interno,Menor,Teste Automatizado,890.34,29/01/2024,2024-01
824,45,Estrutural,Componente,Menor,Teste Automatizado,838.89,13/02/2024,2024-02
825,26,Funcional,Componente,Moderado,Teste Automatizado,90.18,26/01/2024,2024-01
826,8,Estético,Componente,Menor,Teste Manual,693.38,26/01/2024,2024-01
827,96,Estético,Componente,Menor,Teste Manual,904.55,19/01/2024,2024-01
828,25,Funcional,Superfície,Crítico,Teste Manual,446.66,12/05/2024,2024-05
829,90,Estético,Interno,Crítico,Teste Automatizado,561.22,12/02/2024,2024-02
830,62,Estético,Superfície,Moderado,Inspeção Visual,227.29,12/04/2024,2024-04
831,57,Estrutural,Interno,Crítico,Teste Manual,129.15,24/04/2024,2024-04
832,37,Estético,Superfície,Crítico,Teste Automatizado,105.91,02/06/2024,2024-06
833,90,Estético,Componente,Menor,Inspeção Visual,833.94,15/02/2024,2024-02
834,4,Estrutural,Interno,Moderado,Teste Automatizado,10.55,09/04/2024,2024-04
835,69,Funcional,Superfície,Crítico,Teste Automatizado,744.8,02/01/2024,2024-01
836,95,Estrutural,Superfície,Crítico,Teste Automatizado,114.02,08/05/2024,2024-05
837,30,Funcional,Superfície,Menor,Teste Manual,113.95,10/03/2024,2024-03
838,76,Estrutural,Superfície,Crítico,Teste Automatizado,390.19,14/06/2024,2024-06
839,26,Estético,Superfície,Crítico,Teste Automatizado,418.17,11/05/2024,2024-05
840,95,Estrutural,Superfície,Moderado,Teste Automatizado,536.08,16/02/2024,2024-02
841,49,Estrutural,Componente,Menor,Teste Manual,857.55,25/01/2024,2024-01
842,32,Funcional,Superfície,Menor,Teste Automatizado,800.23,13/01/2024,2024-01
843,97,Funcional,Superfície,Moderado,Inspeção Visual,526.93,30/04/2024,2024-04
844,83,Estrutural,Componente,Crítico,Teste Automatizado,97.57,18/02/2024,2024-02
845,50,Estético,Componente,Moderado,Teste Automatizado,438.29,27/02/2024,2024-02
846,48,Estrutural,Interno,Menor,Teste Manual,937.74,25/06/2024,2024-06
847,33,Funcional,Componente,Moderado,Inspeção Visual,261.19,22/06/2024,2024-06
848,28,Funcional,Componente,Crítico,Inspeção Visual,155.84,01/05/2024,2024-05
849,100,Estético,Componente,Crítico,Inspeção Visual,761.38,01/06/2024,2024-06
850,10,Estrutural,Componente,Moderado,Teste Automatizado,693.41,24/06/2024,2024-06
851,95,Funcional,Componente,Moderado,Teste Automatizado,319.06,20/03/2024,2024-03
852,7,Funcional,Interno,Moderado,Inspeção Visual,451.5,02/03/2024,2024-03
853,12,Estrutural,Superfície,Moderado,Teste Automatizado,497.38,05/05/2024,2024-05
854,14,Funcional,Superfície,Menor,Inspeção Visual,556.73,30/06/2024,2024-06
855,31,Estético,Componente,Crítico,Inspeção Visual,414.41,07/02/2024,2024-02
856,20,Estrutural,Superfície,Crítico,Teste Manual,450.18,01/02/2024,2024-02
857,49,Funcional,Componente,Moderado,Teste Automatizado,992.76,10/04/2024,2024-04
858,51,Estrutural,Superfície,Menor,Inspeção Visual,797.39,12/05/2024,2024-05
859,25,Estético,Interno,Menor,Teste Manual,651.04,25/03/2024,2024-03
860,10,Estrutural,Componente,Moderado,Inspeção Visual,862.64,24/06/2024,2024-06
861,51,Estrutural,Superfície,Crítico,Teste Automatizado,915.73,11/01/2024,2024-01
862,63,Estrutural,Componente,Crítico,Inspeção Visual,445.47,16/02/2024,2024-02
863,46,Funcional,Superfície,Crítico,Teste Automatizado,789.92,16/03/2024,2024-03
864,95,Estético,Componente,Crítico,Teste Manual,951.99,03/01/2024,2024-01
865,97,Estrutural,Superfície,Crítico,Inspeção Visual,345.34,14/06/2024,2024-06
866,99,Estético,Superfície,Menor,Inspeção Visual,119.16,22/02/2024,2024-02
867,9,Estético,Superfície,Menor,Teste Automatizado,649.87,16/03/2024,2024-03
868,38,Estético,Superfície,Crítico,Teste Manual,141.43,10/05/2024,2024-05
869,55,Funcional,Superfície,Crítico,Teste Manual,753.6,08/06/2024,2024-06
870,39,Estrutural,Interno,Crítico,Inspeção Visual,210.03,04/05/2024,2024-05
871,59,Estrutural,Superfície,Crítico,Teste Manual,992.01,13/06/2024,2024-06
872,1,Funcional,Interno,Menor,Teste Automatizado,148.15,20/05/2024,2024-05
873,5,Funcional,Superfície,Crítico,Inspeção Visual,577.39,05/01/2024,2024-01
874,1,Estético,Superfície,Crítico,Inspeção Visual,98.45,19/04/2024,2024-04
875,81,Estrutural,Componente,Moderado,Teste Manual,734.65,18/04/2024,2024-04
876,31,Estético,Superfície,Crítico,Teste Manual,485.93,31/03/2024,2024-03
877,67,Estrutural,Componente,Menor,Teste Automatizado,505.47,04/02/2024,2024-02
878,13,Funcional,Interno,Crítico,Teste Automatizado,769.34,20/05/2024,2024-05
879,37,Estrutural,Interno,Moderado,Teste Manual,939.94,11/03/2024,2024-03
880,91,Estético,Superfície,Menor,Inspeção Visual,18.7,19/04/2024,2024-04
881,26,Funcional,Interno,Menor,Teste Automatizado,892.85,21/01/2024,2024-01
882,39,Funcional,Componente,Moderado,Teste Automatizado,85.21,21/05/2024,2024-05
883,35,Funcional,Componente,Menor,Inspeção Visual,20.83,06/06/2024,2024-06
884,4,Estético,Interno,Menor,Teste Manual,800.02,01/04/2024,2024-04
885,28,Estético,Superfície,Crítico,Inspeção Visual,525.36,07/06/2024,2024-06
886,4,Estrutural,Superfície,Menor,Inspeção Visual,164.46,29/04/2024,2024-04
887,95,Estrutural,Componente,Moderado,Teste Manual,452.93,29/05/2024,2024-05
888,17,Estético,Componente,Crítico,Teste Automatizado,729.83,16/04/2024,2024-04
889,52,Funcional,Componente,Moderado,Teste Automatizado,138.24,05/05/2024,2024-05
890,49,Estrutural,Interno,Menor,Teste Automatizado,901.01,05/06/2024,2024-06
891,90,Funcional,Interno,Menor,Teste Manual,780.69,17/06/2024,2024-06
892,4,Estrutural,Interno,Crítico,Teste Automatizado,280.56,12/05/2024,2024-05
893,64,Estrutural,Superfície,Menor,Teste Manual,437.25,07/04/2024,2024-04
894,73,Estrutural,Superfície,Menor,Teste Manual,902.78,19/05/2024,2024-05
895,64,Estrutural,Interno,Menor,Inspeção Visual,687.38,09/01/2024,2024-01
896,64,Estrutural,Interno,Menor,Teste Manual,436.79,29/03/2024,2024-03
897,56,Funcional,Interno,Menor,Teste Manual,991.95,15/05/2024,2024-05
898,58,Estrutural,Superfície,Moderado,Teste Manual,247.97,16/05/2024,2024-05
899,65,Estético,Componente,Crítico,Teste Manual,895.77,16/03/2024,2024-03
900,84,Funcional,Superfície,Crítico,Teste Manual,628.29,16/02/2024,2024-02
901,27,Estético,Interno,Crítico,Teste Manual,40.8,20/03/2024,2024-03
902,60,Estrutural,Componente,Menor,Teste Manual,709.87,12/03/2024,2024-03
903,88,Funcional,Superfície,Menor,Teste Automatizado,450.31,24/05/2024,2024-05
904,4,Estético,Superfície,Moderado,Inspeção Visual,577.2,08/04/2024,2024-04
905,100,Funcional,Superfície,Menor,Teste Manual,431.46,07/02/2024,2024-02
906,6,Estrutural,Superfície,Crítico,Inspeção Visual,62.68,25/01/2024,2024-01
907,4,Estrutural,Componente,Menor,Inspeção Visual,988.05,16/02/2024,2024-02
908,31,Funcional,Componente,Moderado,Teste Manual,156.46,24/04/2024,2024-04
909,6,Funcional,Componente,Crítico,Inspeção Visual,32.9,08/03/2024,2024-03
910,43,Funcional,Superfície,Moderado,Teste Manual,443.75,29/02/2024,2024-02
911,82,Funcional,Componente,Menor,Inspeção Visual,62.7,07/06/2024,2024-06
912,46,Funcional,Componente,Moderado,Inspeção Visual,278.6,28/04/2024,2024-04
913,77,Funcional,Superfície,Moderado,Teste Automatizado,213.48,26/06/2024,2024-06
914,89,Funcional,Interno,Crítico,Teste Automatizado,90.11,15/06/2024,2024-06
915,66,Estético,Superfície,Moderado,Inspeção Visual,108.7,05/03/2024,2024-03
916,7,Estrutural,Superfície,Moderado,Inspeção Visual,75.06,21/02/2024,2024-02
917,66,Estético,Componente,Crítico,Teste Automatizado,511.65,04/01/2024,2024-01
918,24,Funcional,Componente,Moderado,Inspeção Visual,535.87,01/06/2024,2024-06
919,35,Estético,Interno,Menor,Inspeção Visual,585.78,01/03/2024,2024-03
920,47,Funcional,Superfície,Moderado,Inspeção Visual,873.58,03/01/2024,2024-01
921,91,Estético,Interno,Moderado,Teste Automatizado,73.46,09/03/2024,2024-03
922,90,Estético,Componente,Menor,Inspeção Visual,793.46,17/03/2024,2024-03
923,36,Estrutural,Superfície,Menor,Inspeção Visual,893.77,29/03/2024,2024-03
924,2,Estético,Componente,Menor,Teste Manual,409.43,16/06/2024,2024-06
925,11,Funcional,Interno,Menor,Teste Automatizado,351.86,03/05/2024,2024-05
926,16,Funcional,Interno,Moderado,Teste Automatizado,933.37,12/01/2024,2024-01
927,44,Estético,Superfície,Moderado,Inspeção Visual,333.92,19/03/2024,2024-03
928,80,Estrutural,Interno,Moderado,Teste Manual,904.57,27/04/2024,2024-04
929,5,Funcional,Superfície,Crítico,Inspeção Visual,225.51,27/04/2024,2024-04
930,52,Funcional,Componente,Crítico,Teste Automatizado,664.52,14/05/2024,2024-05
931,81,Estrutural,Interno,Crítico,Teste Automatizado,486.49,04/02/2024,2024-02
932,80,Funcional,Interno,Moderado,Inspeção Visual,127.23,14/05/2024,2024-05
933,15,Estético,Interno,Menor,Inspeção Visual,121.96,16/05/2024,2024-05
934,62,Estético,Superfície,Menor,Teste Manual,267.64,06/05/2024,2024-05
935,46,Estrutural,Superfície,Crítico,Teste Automatizado,298.03,19/01/2024,2024-01
936,7,Estético,Componente,Moderado,Teste Automatizado,604.72,03/02/2024,2024-02
937,94,Estrutural,Interno,Crítico,Teste Manual,749.05,18/04/2024,2024-04
938,38,Estrutural,Superfície,Menor,Teste Manual,499.34,08/04/2024,2024-04
939,92,Estético,Interno,Moderado,Inspeção Visual,590.85,16/02/2024,2024-02
940,29,Funcional,Interno,Menor,Teste Manual,355.6,01/04/2024,2024-04
941,46,Estrutural,Componente,Menor,Inspeção Visual,266.97,27/01/2024,2024-01
942,46,Estrutural,Superfície,Crítico,Inspeção Visual,160.08,29/05/2024,2024-05
943,79,Estético,Interno,Moderado,Teste Manual,827.64,17/04/2024,2024-04
944,72,Funcional,Superfície,Menor,Teste Manual,19.83,11/03/2024,2024-03
945,10,Estético,Superfície,Menor,Inspeção Visual,989.49,24/05/2024,2024-05
946,87,Estético,Interno,Menor,Teste Manual,133.9,03/03/2024,2024-03
947,6,Estético,Interno,Moderado,Inspeção Visual,739.33,03/03/2024,2024-03
948,70,Estrutural,Componente,Moderado,Teste Automatizado,947.83,16/02/2024,2024-02
949,60,Estrutural,Superfície,Crítico,Teste Automatizado,743.44,11/04/2024,2024-04
950,23,Estrutural,Superfície,Crítico,Teste Automatizado,534.79,23/02/2024,2024-02
951,2,Funcional,Interno,Moderado,Inspeção Visual,479.56,08/06/2024,2024-06
952,23,Estrutural,Superfície,Crítico,Inspeção Visual,87.89,26/02/2024,2024-02
953,81,Funcional,Superfície,Menor,Teste Manual,571.61,27/03/2024,2024-03
954,46,Estrutural,Superfície,Moderado,Inspeção Visual,485.1,17/06/2024,2024-06
955,85,Funcional,Interno,Menor,Teste Manual,289.68,28/02/2024,2024-02
956,43,Funcional,Superfície,Crítico,Teste Manual,962.48,01/03/2024,2024-03
957,13,Estrutural,Interno,Menor,Teste Automatizado,13.19,27/05/2024,2024-05
958,25,Estrutural,Componente,Crítico,Inspeção Visual,298.81,03/04/2024,2024-04
959,53,Estético,Componente,Crítico,Teste Automatizado,916.49,27/04/2024,2024-04
960,59,Estético,Interno,Crítico,Teste Automatizado,15.96,19/03/2024,2024-03
961,3,Estrutural,Componente,Moderado,Inspeção Visual,383.65,29/03/2024,2024-03
962,78,Estético,Componente,Crítico,Teste Manual,612.25,30/01/2024,2024-01
963,51,Estético,Componente,Menor,Teste Automatizado,142.0,26/05/2024,2024-05
964,45,Funcional,Componente,Crítico,Teste Manual,685.35,13/02/2024,2024-02
965,45,Funcional,Interno,Crítico,Inspeção Visual,358.46,22/06/2024,2024-06
966,54,Funcional,Interno,Moderado,Inspeção Visual,310.35,29/03/2024,2024-03
967,81,Funcional,Interno,Moderado,Teste Manual,610.75,13/03/2024,2024-03
968,92,Estrutural,Interno,Moderado,Inspeção Visual,523.61,03/03/2024,2024-03
969,6,Estrutural,Superfície,Menor,Teste Manual,945.17,15/03/2024,2024-03
970,33,Estrutural,Interno,Menor,Inspeção Visual,708.97,28/01/2024,2024-01
971,50,Estético,Componente,Menor,Teste Automatizado,309.87,07/04/2024,2024-04
972,97,Estético,Superfície,Crítico,Teste Manual,565.48,04/01/2024,2024-01
973,14,Estrutural,Superfície,Crítico,Teste Automatizado,859.52,14/06/2024,2024-06
974,39,Estético,Interno,Crítico,Teste Manual,140.02,21/01/2024,2024-01
975,3,Funcional,Componente,Moderado,Teste Automatizado,626.35,01/01/2024,2024-01
976,79,Estético,Componente,Moderado,Inspeção Visual,807.32,18/05/2024,2024-05
977,96,Estrutural,Interno,Crítico,Teste Automatizado,888.55,08/06/2024,2024-06
978,57,Funcional,Componente,Moderado,Teste Automatizado,440.85,29/01/2024,2024-01
979,1,Funcional,Interno,Crítico,Teste Manual,652.97,11/01/2024,2024-01
980,39,Funcional,Interno,Moderado,Inspeção Visual,725.44,29/02/2024,2024-02
981,75,Estético,Interno,Menor,Teste Manual,843.66,16/01/2024,2024-01
982,9,Estético,Componente,Moderado,Inspeção Visual,611.8,15/03/2024,2024-03
983,76,Funcional,Superfície,Moderado,Teste Automatizado,712.12,16/05/2024,2024-05
984,43,Funcional,Interno,Crítico,Teste Manual,941.33,22/06/2024,2024-06
985,99,Funcional,Interno,Crítico,Teste Automatizado,112.15,02/02/2024,2024-02
986,47,Estrutural,Interno,Moderado,Teste Automatizado,284.7,08/02/2024,2024-02
987,26,Estético,Interno,Menor,Inspeção Visual,694.09,22/05/2024,2024-05
988,50,Estético,Superfície,Moderado,Teste Automatizado,102.98,05/02/2024,2024-02
989,11,Estético,Componente,Crítico,Inspeção Visual,398.32,01/01/2024,2024-01
990,45,Estético,Componente,Crítico,Teste Manual,576.07,11/06/2024,2024-06
991,10,Estético,Interno,Menor,Inspeção Visual,51.79,08/06/2024,2024-06
992,7,Estético,Interno,Crítico,Inspeção Visual,426.31,25/01/2024,2024-01
993,83,Funcional,Interno,Crítico,Teste Manual,808.65,14/03/2024,2024-03
994,77,Estético,Componente,Menor,Inspeção Visual,970.37,11/02/2024,2024-02
995,41,Estético,Interno,Moderado,Teste Automatizado,67.54,28/01/2024,2024-01
996,25,Estrutural,Componente,Menor,Teste Automatizado,813.14,01/03/2024,2024-03
997,23,Funcional,Componente,Moderado,Teste Automatizado,944.07,21/03/2024,2024-03
998,17,Estrutural,Componente,Menor,Teste Automatizado,401.12,16/01/2024,2024-01
999,96,Estético,Interno,Moderado,Teste Manual,775.63,21/06/2024,2024-06
1000,1,Estético,Componente,Menor,Inspeção Visual,963.4,23/03/2024,2024-03
